SimpleName,BasicCode,SampleCode,CaseCode,StructureCode,StructureNo,Structure,Material,Description,Layers,Treatment,Thickness,Weight,PressureDrop,Quality,Filt1,Filt2,Filt3,Filt4,Filt5,Filt6,Filt7,Filt8,Filt9,Filt10,Filt11,Filt12,Filt13,Filt14,Filt15,Filt16,Wetting (% mass change)
Gauze,W1,W1x16,W1x16,W,1,Woven,Cotton-based,Medical gauze,16,None,4,609,4,56,0.95,0.94,0.93,0.91,0.86,0.85,0.84,0.84,0.8,0.75,0.7,0.67,0.68,0.58,NaN,0,
Batik cotton,W2,W2,W2,W,1,Woven,Cotton-based,"Lightweight, fine-gauge, plain weave, light green",1,None,0.3,123,60,8,0.99,0.97,0.93,0.89,0.83,0.75,0.7,0.66,0.6,0.55,0.47,0.39,0.33,0.18,0,0,
Downproof cotton ,W3,W3,W3,W,1,Woven,Cotton-based,"Lightweight, fine-gauge plain weave, downproof ticking, white",1,None,,144,169,6,1.01,0.96,0.85,0.74,0.64,0.51,0.44,0.41,0.38,0.33,0.32,0.3,0.36,0.43,0,NaN,
Flannel,W4,W4,W4,W,1,Woven,Cotton-based,"Cotton, medium weight, woven brushed, grey",1,None,,,27,6,0.053,0.075,0.114,0.141,0.181,0.245,0.301,0.349,0.415,0.527,0.617,0.699,0.815,1.000,1.000,1.000,
Flannel,W4,W4,W4,W,1,Woven,Cotton-based,"Cotton, medium weight, woven brushed, grey",1,None,,,28,6,0.124,0.134,0.155,0.162,0.187,0.218,0.267,0.325,0.392,0.481,0.596,0.595,0.842,0.750,1.000,1.000,
Flannel,W4,W4,W4,W,1,Woven,Cotton-based,"Cotton, medium weight, woven brushed, grey",1,None,,,26,7,0.127,0.141,0.162,0.172,0.208,0.252,0.308,0.363,0.437,0.484,0.655,0.702,0.750,1.000,1.000,1.000,
Flannel,W4,W4,W4 IPAx1,W,1,Woven,Cotton-based,"Cotton, medium weight, woven brushed, grey",1,IPA,,,27,6,0.059,0.082,0.121,0.144,0.189,0.243,0.282,0.323,0.398,0.486,0.612,0.704,0.769,0.875,1.000,1.000,
Flannel,W4,W4,W4 IPAx1,W,1,Woven,Cotton-based,"Cotton, medium weight, woven brushed, grey",1,IPA,,,27,15,0.317,0.322,0.329,0.329,0.333,0.393,0.419,0.470,0.540,0.629,0.673,0.890,0.938,1.000,1.000,1.000,
Flannel,W4,W4,W4 IPAx1,W,1,Woven,Cotton-based,"Cotton, medium weight, woven brushed, grey",1,IPA,,,26,13,0.176,0.212,0.249,0.280,0.287,0.345,0.390,0.421,0.431,0.545,0.593,0.725,0.636,1.000,1.000,1.000,
Flannel,W4,W4x3,W4x3,W,1,Woven,Cotton-based,"Cotton, medium weight, woven brushed, grey",3,None,,453,33,22,0.89,0.88,0.82,0.78,0.72,0.63,0.58,0.55,0.49,0.41,0.31,0.22,0.11,0,0,0,
Quilting cotton,W5,W5,W5,W,1,Woven,Cotton-based,"Lightweight, plain weave, green",1,None,0.26,105,5,9,1.01,1.02,1.01,1.02,1.01,1,0.98,0.98,0.96,0.92,0.91,0.84,0.86,0.29,0,0,143%
Quilting cotton,W5,W5,W5 WDx10,W,1,Woven,Cotton-based,"Lightweight, plain weave, green",1,Laundered,,105,10,20,0.99,0.99,0.97,0.96,0.94,0.91,0.87,0.86,0.82,0.76,0.64,0.57,0.39,0.35,0,0,
"Cotton, 600TC",W6,W6,W6,W,1,Woven,Cotton-based,"Medium weight, plain weave, white",1,None,0.25,121,35,12,1.01,1,0.97,0.94,0.9,0.82,0.76,0.72,0.66,0.57,0.47,0.37,0.34,0.2,0.4,0,
"Spandex cotton, thick",W7,W7,W7,W,1,Woven,Cotton spandex,"Cotton and spandex blend, medium weight, plain weave, black",1,None,,140,65,10,1,0.98,0.93,0.87,0.81,0.7,0.64,0.6,0.54,0.46,0.39,0.36,0.35,0.28,0,0,
"Spandex cotton, thin",W8,W8,W8,W,1,Woven,Cotton spandex,"Cotton and spandex blend, lightweight, plain weave, plaid",1,None,0.27,144,64,10,1.02,1.02,0.96,0.91,0.84,0.71,0.64,0.59,0.51,0.41,0.33,0.25,0.23,0.16,0.09,0,
Polyester satin,W9,W9,W9,W,1,Woven,Polyester,"Lightweight, fine-gauge, satin weave, purple",1,None,0.23,86,10,14,1,1.01,1,0.98,0.97,0.94,0.91,0.89,0.87,0.79,0.72,0.69,0.48,0.57,0,0,101%
Polyester satin,W9,W9,W9 WDx10,W,1,Woven,Polyester,"Lightweight, fine-gauge, satin weave, purple",1,Laundered,,86,5,26,0.98,0.97,0.95,0.94,0.92,0.91,0.9,0.89,0.88,0.83,0.8,0.73,0.51,0.69,0.5,0,
Polyester peel ply,W10,W10,W10,W,1,Woven,Polyester,Unknown biocompatibility,1,None,0.07,65,64,0,1.01,1.01,1.01,1.02,1.04,1.01,0.99,1,1,0.97,0.97,0.83,0.76,1.19,0.29,0.4,48%
Polyester crepe,W11,W11,W11,W,1,Woven,Polyester,"Lightweight, fine-gauge, plain weave, smooth, beige",1,None,,130,43,7,1.06,1.04,1.01,0.99,0.94,0.84,0.81,0.78,0.73,0.67,0.62,0.59,0.52,0.52,0.35,NaN,
Polyester crepe,W11,W11,W11,W,1,Woven,Polyester,"Lightweight, fine-gauge, plain weave, smooth, beige",1,None,0.34,130,50,6,0.96,0.97,0.95,0.94,0.91,0.84,0.81,0.78,0.73,0.66,0.59,0.52,0.43,0.44,NaN,NaN,
Polycotton,W12,W12,W12,W,1,Woven,Polyester,"Polyester and cotton blend, medium weight, plain weave, yellow",1,None,,112,29,9,0.98,0.98,0.96,0.94,0.92,0.87,0.83,0.81,0.78,0.74,0.68,0.59,0.6,0.61,0.22,NaN,132%
Polycotton,W12,W12,W12 WDx10,W,1,Woven,Polyester,"Polyester and cotton blend, medium weight, plain weave, yellow",1,Laundered,,112,24,12,0.98,0.97,0.95,0.93,0.9,0.85,0.82,0.8,0.75,0.68,0.65,0.52,0.34,0.22,0,0,
Spandex PC,W13,W13,W13,W,1,Woven,Polyester,"Polyester, cotton and spandex blend, medium weight, fine-gauge, plain weave, light blue",1,None,0.23,125,58,11,1,0.99,0.94,0.9,0.83,0.73,0.65,0.6,0.52,0.39,0.34,0.22,0.16,0.08,0,0,
Spandex PC,W13,W13,W13,W,1,Woven,Polyester,"Polyester, cotton and spandex blend, medium weight, fine-gauge, plain weave, light blue",1,None,,125,57,11,0.94,0.93,0.87,0.85,0.8,0.69,0.63,0.59,0.52,0.44,0.33,0.18,0.1,0,0,0,
Wool blend,W14,W14,W14,W,1,Woven,Wool,"Medium weight, woven brushed, blue",1,None,2.2,417,3,22,0.99,0.99,0.98,0.97,0.96,0.94,0.94,0.93,0.94,0.93,0.9,0.81,0.78,0.75,0.85,0.83,
Melton wool,W15,W15,W15,W,1,Woven,Wool,"Medium weight, twill weave, brown",1,None,,440,20,24,0.9,0.9,0.87,0.85,0.8,0.74,0.7,0.67,0.62,0.54,0.45,0.33,0.23,0.12,0.67,NaN,
Melton wool,W15,W15,W15 WDx10,W,1,Woven,Wool,"Medium weight, twill weave, brown",1,Laundered,,440,25,18,0.88,0.87,0.85,0.84,0.8,0.74,0.71,0.7,0.63,0.58,0.47,0.4,0.26,0.09,0,0,
Silk,W16,W16,W16,W,1,Woven,Silk,"Natural silk, lightweight, plain weave, white",1,None,0.18,76,8,13,0.98,0.99,0.98,0.97,0.98,0.95,0.92,0.92,0.9,0.88,0.77,0.85,0.7,0.76,0,0,214%
Silk,W16,W16,W16,W,1,Woven,Silk,"Natural silk, lightweight, plain weave, white",1,None,,76,8,9,1.03,1.03,1.03,1.03,1.03,1.01,0.98,0.97,0.93,0.89,0.81,0.66,0.53,0.34,0,0.25,
Silk,W16,W16,W16,W,1,Woven,Silk,"Natural silk, lightweight, plain weave, white",1,None,,76,8,17,0.99,0.99,0.98,0.97,0.96,0.93,0.91,0.9,0.87,0.83,0.81,0.72,0.62,0.62,0,NaN,
Silk,W16,W16,W16 WDx10,W,1,Woven,Silk,"Natural silk, lightweight, plain weave, white",1,Laundered,,76,7,30,0.97,0.96,0.94,0.93,0.9,0.88,0.86,0.83,0.81,0.77,0.72,0.73,0.6,0.16,0,0,
Chiffon,W17,W17x6,W17x6,W,1,Woven,Polyester,"Polyester, very lightweight, plain weave",6,None,,486,3,24,0.98,0.97,0.96,0.96,0.95,0.94,0.93,0.94,0.93,0.95,0.97,0.92,0.89,0.69,0,0,
Kona,W18,W18,W18,W,1,Woven,Kona cotton,"Popular cotton, Model K001-840, Duckling, Broadcloth",1,None,,154,43,11,0.9413,0.9168,0.8819,0.8584,0.8215,0.7339,0.6784,0.6636,0.6125,0.5692,0.4813,0.4,NaN,NaN,NaN,NaN,
Kona,W18,W18x2,W18x2,W,1,Woven,Kona cotton,"Popular cotton, Model K001-840, Duckling, Broadcloth",2,None,,308,102,11,0.8839,0.8261,0.7515,0.6919,0.6458,0.4869,0.4228,0.372,0.314,0.2064,0.1032,0.1695,0,0,0,NaN,
Kona,W18,W18x3,W18x3,W,1,Woven,Kona cotton,"Popular cotton, Model K001-840, Duckling, Broadcloth",3,None,,462,132,10,0.8659,0.8182,0.7534,0.6845,0.627,0.47,0.3825,0.3311,0.2687,0.1435,0.0881,0.1754,0,0,0,0,
Kona,W18,W18x4,W18x4,W,1,Woven,Kona cotton,"Popular cotton, Model K001-840, Duckling, Broadcloth",4,None,,616,183,10,0.8368,0.7906,0.7168,0.6373,0.5535,0.3873,0.2929,0.2359,0.1634,0.0716,0.0459,0,0,0,0,0,
Kona,W18,W18x5,W18x5,W,1,Woven,Kona cotton,"Popular cotton, Model K001-840, Duckling, Broadcloth",5,None,,770,260,10,0.7317,0.66,0.5564,0.4644,0.3792,0.2271,0.1582,0.1204,0.0681,0.0221,0.0123,0.0909,0,0,0,NaN,
"Single knit jersey, cream",K1,K1,K1,K,2,Knit,Cotton,"Lightweight jersey, single knit, cream",1,None,0.54,203,8,21,0.96,0.95,0.93,0.93,0.91,0.89,0.89,0.88,0.85,0.83,0.8,0.73,0.72,0.46,0.44,0,
"Single knit jersey, cream",K1,K1x2,K1x2,K,2,Knit,Cotton,"Lightweight jersey, single knit, cream",2,None,-,407,29,16,0.99,0.98,0.94,0.92,0.88,0.79,0.75,0.73,0.63,0.46,0.31,0.21,0.17,0.06,NaN,NaN,
"Single knit jersey, cream",K1,K1x4,K1x4,K,2,Knit,Cotton,"Lightweight jersey, single knit, cream",4,None,-,814,66,18,0.91,0.9,0.83,0.79,0.71,0.56,0.5,0.46,0.31,0.13,0.03,0.01,0.01,0,0,0,
"Single knit jersey, grey ",K2,K2,K2,K,2,Knit,Cotton,"Cotton, lightweight, jersey, single knit, grey",1,None,0.6,183,25,21,0.98,0.97,0.92,0.96,0.88,0.77,0.7,0.69,0.6,0.4,0.22,0.12,0.08,0.08,0,NaN,
Ribbed knit cotton,K3,K3,K3,K,2,Knit,Cotton,"Medium weight, ribbed knit, red",1,None,0.9,222,16,28,0.89,0.9,0.87,0.85,0.82,0.75,0.72,0.69,0.64,0.59,0.5,0.43,0.3,0.25,0,0,
Ribbed knit cotton,K3,K3,K3,K,2,Knit,Cotton,"Medium weight, ribbed knit, red",1,None,0.9,222,18,31,0.91,0.9,0.86,0.82,0.77,0.71,0.66,0.64,0.57,0.5,0.42,0.31,0.24,0.19,NaN,0,
"Double knit jersey, yellow",K4,K4,K4,K,2,Knit,Cotton,"Lightweight, jersey, interlock knit, yellow",1,None,,182,5,50,0.87,0.87,0.86,0.85,0.84,0.81,0.81,0.8,0.78,0.76,0.73,0.73,0.63,0.63,0.2,0,258%
"Double knit jersey, yellow",K4,K4,K4,K,2,Knit,Cotton,"Lightweight, jersey, interlock knit, yellow",1,None,,182,5,54,0.97,0.94,0.91,0.89,0.85,0.82,0.81,0.8,0.77,0.68,0.55,0.56,0.44,NaN,NaN,NaN,
"Double knit jersey, yellow",K4,K4x4,K4x4,K,2,Knit,Cotton,"Lightweight, jersey, interlock knit, yellow",4,None,,728,5,57,0.96,0.94,0.92,0.89,0.86,0.82,0.8,0.8,0.75,0.69,0.63,0.72,0.43,NaN,NaN,NaN,
"Double knit jersey, yellow",K4,K4x6,K4x6,K,2,Knit,Cotton,"Lightweight, jersey, interlock knit, yellow",6,None,,1092,36,60,0.56,0.52,0.42,0.35,0.28,0.19,0.16,0.14,0.12,0.09,0.05,0.04,0.02,0.05,0,NA,
"Fine gauge, single knit jersey, beige",K5,K5,K5,K,2,Knit,Cotton blend,"Cotton blend, lightweight, fine-gauge jersey, single knit, beige",1,None,0.6,212,34,25,0.94,0.92,0.86,0.81,0.72,0.63,0.58,0.53,0.42,0.25,0.14,0.08,0.05,0,0,0,
Single loopback knit cotton,K6,K6,K6,K,2,Knit,Cotton blend,"Cotton blend, medium weight, single loopback knit, brown",1,None,0.82,270,26,21,0.94,0.93,0.89,0.85,0.79,0.72,0.69,0.65,0.58,0.51,0.42,0.34,0.26,0.12,0.2,NaN,
"Double knit jersey, salmon",K7,K7,K7,K,2,Knit,Cotton blend,"Cotton blend, lightweight, jersey, interlock knit, salmon",1,None,0.56,204,11,63,1.04,0.98,0.92,0.86,0.76,0.64,0.6,0.57,0.5,0.37,0.24,0.15,0.14,0,0.5,0,
"Double knit jersey, salmon",K7,K7,K7 WDx10,K,2,Knit,Cotton blend,"Cotton blend, lightweight, jersey, interlock knit, salmon",1,Laundered,,204,11,31,0.96,0.93,0.9,0.88,0.84,0.8,0.76,0.76,0.71,0.66,0.57,0.55,0.45,0.35,0.4,0,
"Double knit jersey, salmon",K7,K7x3,K7x3,K,2,Knit,Cotton blend,"Cotton blend, lightweight, jersey, interlock knit, salmon",3,None,,611,31,42,0.82,0.79,0.69,0.62,0.52,0.39,0.35,0.33,0.27,0.22,0.18,0.12,0.08,0,0,NaN,
"Fine-gauge, single knit jersey, 5% lycra",K8,K8,K8,K,2,Knit,Cotton blend,"Cotton with 5% lycra, lightweight, fine-gauge jersey, single knit, white",1,None,0.7,254,44,20,0.93,0.92,0.87,0.82,0.74,0.65,0.6,0.56,0.42,0.24,0.11,0.06,0.02,0.1,0,0,
"Fine-gauge, single knit jersey, 5% lycra",K8,K8,K8 WDx10,K,2,Knit,Cotton blend,"Cotton with 5% lycra, lightweight, fine-gauge jersey, single knit, white",1,Laundered,,254,21,15,0.95,0.94,0.92,0.89,0.87,0.82,0.79,0.77,0.73,0.64,0.58,0.44,0.27,0.67,0,0,
"Single knit jersey, 5% lycra",K9,K9,K9,K,2,Knit,Cotton blend,"Cotton with 5% lycra, lightweight, jersey, single knit, black",1,None,0.59,215,27,17,0.97,0.96,0.92,0.88,0.84,0.77,0.72,0.69,0.63,0.55,0.45,0.32,0.2,0.13,0.18,NaN,
Spandex polyester,K10,K10,K10,K,2,Knit,Spandex blend,"95% polyester with 5% spandex , medium weight, interlock knit, black",1,None,0.75,230,8,23,1,0.99,0.97,0.95,0.93,0.89,0.87,0.85,0.83,0.8,0.76,0.69,0.62,0.59,0.82,1.75,232%
Spandex polyester,K10,K10,K10 WDx10,K,2,Knit,Spandex blend,"95% polyester with 5% spandex , medium weight, interlock knit, black",1,Laundered,,230,7,37,0.95,0.93,0.9,0.89,0.86,0.83,0.8,0.8,0.77,0.73,0.68,0.56,0.59,0.42,0,0,
Nylon,K11,K11,K11,K,2,Knit,Nylon-spandex blend,"95% nylon with 5% spandex, lightweight, single knit, red",1,None,0.4,161,5,15,0.98,0.98,0.97,0.96,0.95,0.94,0.93,0.93,0.93,0.92,0.9,0.87,0.81,0.91,0.4,0,68%
Nylon,K11,K11,K11 WDx10 ,K,2,Knit,Nylon-spandex blend,"95% nylon with 5% spandex, lightweight, single knit, red",1,Laundered,,161,6,21,0.98,0.97,0.95,0.95,0.93,0.91,0.91,0.88,0.88,0.87,0.85,0.77,0.81,0.55,NaN,0,
Nylon,K11,K11x3,K11x3,K,2,Knit,Nylon-spandex blend,"95% nylon with 5% spandex, lightweight, single knit, red",3,None,1.28,497,15,2,0.97,0.98,0.98,0.98,0.99,0.96,0.97,0.98,0.97,0.99,0.99,1.04,0.89,0.79,0.57,0,
Velour,CP1,CP1,CP1,CP,3,Cut pile,Velour,"Cotton, polyester, and spandex blend, medium weight, knit short cut pile, sky blue",1,None,,242,8,31,0.92,0.91,0.89,0.89,0.86,0.83,0.82,0.8,0.78,0.75,0.7,0.59,0.54,0.42,0,0,
Velour,CP1,CP1,CP1 WDx10,CP,3,Cut pile,Velour,"Cotton, polyester, and spandex blend, medium weight, knit short cut pile, sky blue",1,Laundered,,242,13,22,0.91,0.91,0.89,0.88,0.86,0.82,0.8,0.78,0.75,0.69,0.67,0.51,0.44,0.18,0,0,
Velour,CP1,CP1x4,CP1x4,CP,3,Cut pile,Velour,"Cotton, polyester, and spandex blend, medium weight, knit short cut pile, sky blue",4,None,5.37,966,40,27,0.68,0.68,0.64,0.62,0.56,0.47,0.42,0.4,0.34,0.26,0.19,0.11,0.15,0,0,0,
Velour,CP1,CP1x4,CP1x4,CP,3,Cut pile,Velour,"Cotton, polyester, and spandex blend, medium weight, knit short cut pile, sky blue",4,None,5.37,966,40,28,0.76,0.76,0.69,0.64,0.56,0.47,0.42,0.38,0.33,0.26,0.18,0.11,0.05,0,0,0,
Fleece,CP2,CP2,CP2,CP,3,Cut pile,Polyester,"Polyester, medium weight, knit cut pile brushed, navy",1,None,1.6,276,25,29,0.92,0.9,0.85,0.8,0.75,0.64,0.58,0.54,0.48,0.41,0.3,0.22,0.15,0.07,0,NaN,
Fleece,CP2,CP2,CP2 WDx10,CP,3,Cut pile,Polyester,"Polyester, medium weight, knit cut pile brushed, navy",1,Laundered,,276,16,26,0.94,0.93,0.9,0.88,0.83,0.78,0.74,0.71,0.67,0.6,0.5,0.36,0.32,0.18,0,NaN,
Velvet,CP3,CP3x2,CP3x2,CP,3,Cut pile,Polyester,"Polyester, lightweight, woven short cut pile, black",2,None,,448,6,31,0.96,0.95,0.94,0.93,0.92,0.89,0.85,0.85,0.83,0.8,0.77,0.65,0.56,0.38,0,0,
Velvet,CP3,CP3,CP3,CP,3,Cut pile,Polyester,"Polyester, lightweight, woven short cut pile, black",1,None,0.7,224,2,25,0.98,0.98,0.98,0.98,0.98,0.96,0.95,0.96,0.95,0.93,0.9,0.86,0.87,1.06,0.83,0.42,
Corduroy,CP4,CP4,CP4,CP,3,Cut pile,Polyester,"Polyester, medium weight, knit cut pile, black",1,None,1.4,331,9,36,0.93,0.93,0.91,0.9,0.86,0.8,0.78,0.76,0.73,0.67,0.6,0.5,0.42,0.37,0.44,0,
Interfacing polypropylene,nW1,nW1,nW1,nW,4,Nonwoven,Polypropylene,"Lightweight, contain heat-activated adhesive, black, unknown biocompatibility",1,None,,49,3,22,1,1,0.99,0.99,0.98,0.95,0.95,0.95,0.94,0.94,0.92,1.03,0.72,0.6,0,NaN,
Interfacing polypropylene,nW1,nW1x10,nW1x10,nW,4,Nonwoven,Polypropylene,"Lightweight, contain heat-activated adhesive, black, unknown biocompatibility",1,None,1.56,488,35,8,1.05,1.06,1.04,1.04,1,0.94,0.91,0.87,0.76,0.53,0.34,0.24,0.26,0,0,NaN,
H300,nW2,nW2,nW2,nWH,4,Nonwoven (Halyard),spunbond meltblown spunbond polypropylene,"Recycled Halyard sterilization wrapping after autoclave sterilization, 1-ply of 2-ply sheet",1,None,,50,37,78,0.59,0.52,0.4,0.32,0.24,0.15,0.1,0.08,0.06,0.03,0.01,0,0.01,0,0,NaN,
H400,nW3,nW3,nW3,nWH,4,Nonwoven (Halyard),spunbond meltblown spunbond polypropylene,"Recycled Halyard sterilization wrapping after autoclave sterilization, 1-ply of 2-ply sheet",1,None,,57,29,70,0.86,0.77,0.59,0.48,0.37,0.24,0.18,0.16,0.13,0.09,0.06,0.06,0,0.17,0.28,0.36,
H400,nW3,nW3,nW3,nWH,4,Nonwoven (Halyard),spunbond meltblown spunbond polypropylene,"Recycled Halyard sterilization wrapping after autoclave sterilization, 1-ply of 2-ply sheet",1,None,,57,31.5,80,0.73,0.64,0.48,0.38,0.29,0.18,0.14,0.11,0.08,0.05,0.03,0.01,0.02,0,0,0,
H400,nW3,nW3,nW3,nWH,4,Nonwoven (Halyard),spunbond meltblown spunbond polypropylene,"Recycled Halyard sterilization wrapping after autoclave sterilization, 1-ply of 2-ply sheet",1,None,,57,33,56,0.85,0.77,0.64,0.54,0.42,0.31,0.24,0.21,0.16,0.11,0.06,0.03,0,0,0,NaN,
H400,nW3,nW3,nW3,nWH,4,Nonwoven (Halyard),spunbond meltblown spunbond polypropylene,"Recycled Halyard sterilization wrapping after autoclave sterilization, 1-ply of 2-ply sheet",1,None,0.4,57,33,65,0.83,0.77,0.64,0.54,0.4,0.3,0.24,0.19,0.12,0.04,0.02,0.02,0.02,0,0,0,16%
H400,nW3,nW3,nW3 HSx10,nWH,4,Nonwoven (Halyard),spunbond meltblown spunbond polypropylene,"Recycled Halyard sterilization wrapping after autoclave sterilization, 1-ply of 2-ply sheet",1,Heat treated,,57,28,85,0.56,0.49,0.4,0.33,0.26,0.19,0.15,0.12,0.09,0.06,0.04,0.02,0.02,0.03,0,0,
H400,nW3,nW3,nW3 WDx10,nWH,4,Nonwoven (Halyard),spunbond meltblown spunbond polypropylene,"Recycled Halyard sterilization wrapping after autoclave sterilization, 1-ply of 2-ply sheet",1,Laundered,,57,31,48,0.77,0.72,0.63,0.57,0.48,0.4,0.32,0.28,0.22,0.16,0.1,0.03,0.04,0,0,0,
H400,nW3,nW3,nW3 WDx10,nWH,4,Nonwoven (Halyard),spunbond meltblown spunbond polypropylene,"Recycled Halyard sterilization wrapping after autoclave sterilization, 1-ply of 2-ply sheet",1,Laundered,,57,31,50,0.82,0.75,0.66,0.59,0.51,0.4,0.32,0.28,0.22,0.15,0.07,0.04,0.05,0,0,0,
H400,nW3,nW3,nW3 HS ,nWH,4,Nonwoven (Halyard),spunbond meltblown spunbond polypropylene,"Recycled Halyard sterilization wrapping after autoclave sterilization, 1-ply of 2-ply sheet",1,Heat treated,,57,28,86,0.91,0.82,0.61,0.47,0.33,0.2,0.15,0.13,0.09,0.06,0.03,0.02,0,NaN,0,NaN,
H400,nW3,nW3,nW3 HS ,nWH,4,Nonwoven (Halyard),spunbond meltblown spunbond polypropylene,"Recycled Halyard sterilization wrapping after autoclave sterilization, 1-ply of 2-ply sheet",1,Heat treated,,57,28,82,0.72,0.65,0.51,0.41,0.3,0.21,0.16,0.13,0.1,0.07,0.04,0.03,0.01,0,0,0,
H400,nW3,nW3,nW3 IPA,nWH,4,Nonwoven (Halyard),spunbond meltblown spunbond polypropylene,"Recycled Halyard sterilization wrapping after autoclave sterilization, 1-ply of 2-ply sheet",1,IPA,,57,34,35,0.94,0.9,0.82,0.74,0.64,0.53,0.44,0.38,0.31,0.22,0.14,0.06,0.03,0,0,0,
H400,nW3,nW3,nW3 IPA,nWH,4,Nonwoven (Halyard),spunbond meltblown spunbond polypropylene,"Recycled Halyard sterilization wrapping after autoclave sterilization, 1-ply of 2-ply sheet",1,IPA,0.44,64,38,43,1.03,1.01,0.91,0.82,0.68,0.51,0.42,0.34,0.2,0.08,0.03,0.01,0,0.12,0,NaN,
H400,nW3,nW3,nW3 SW,nWH,4,Nonwoven (Halyard),spunbond meltblown spunbond polypropylene,"Recycled Halyard sterilization wrapping after autoclave sterilization, 1-ply of 2-ply sheet",1,Washed with soap,,57,41,37,0.97,0.91,0.78,0.68,0.56,0.42,0.33,0.28,0.22,0.14,0.08,0.05,0.06,0,0,0,
H400,nW3,nW3,nW3 SW,nWH,4,Nonwoven (Halyard),spunbond meltblown spunbond polypropylene,"Recycled Halyard sterilization wrapping after autoclave sterilization, 1-ply of 2-ply sheet",1,Washed with soap,,57,42,38,0.95,0.88,0.76,0.66,0.54,0.41,0.32,0.27,0.21,0.13,0.06,0.03,0.02,0,0,0,
H400,nW3,nW3,nW3 WD,nWH,4,Nonwoven (Halyard),spunbond meltblown spunbond polypropylene,"Recycled Halyard sterilization wrapping after autoclave sterilization, 1-ply of 2-ply sheet",1,Laundered,,57,37,34,0.94,0.9,0.82,0.73,0.65,0.51,0.41,0.36,0.28,0.2,0.11,0.05,0.02,0,0,0,
H400,nW3,nW3x2,nW3x2,nWH,4,Nonwoven (Halyard),spunbond meltblown spunbond polypropylene,"Recycled Halyard sterilization wrapping after autoclave sterilization, 1-ply of 2-ply sheet",2,None,,118,54,111,0.33,0.24,0.13,0.07,0.04,0.02,0.01,0.01,0,0,0,0,0,0,0,0,
H400,nW3,nW3x2,nW3x2,nWH,4,Nonwoven (Halyard),spunbond meltblown spunbond polypropylene,"Recycled Halyard sterilization wrapping after autoclave sterilization, 1-ply of 2-ply sheet",2,None,,118,55,130,0.27,0.19,0.1,0.05,0.03,0.01,0.01,0,0,0,0,0,0,0,NaN,0,
H600,nW4,nW4,nW4,nWH,4,Nonwoven (Halyard),spunbond meltblown spunbond polypropylene,"Recycled Halyard sterilization wrapping after autoclave sterilization, 1-ply of 2-ply sheet",1,None,,82,34,83,0.68,0.6,0.45,0.34,0.24,0.15,0.11,0.09,0.06,0.03,0.02,0.01,0,0,0,0,
H600,nW4,nW4,nW4,nWH,4,Nonwoven (Halyard),spunbond meltblown spunbond polypropylene,"Recycled Halyard sterilization wrapping after autoclave sterilization, 1-ply of 2-ply sheet",1,None,,82,38,56,1.24,1.07,0.81,0.63,0.46,0.29,0.2,0.16,0.12,0.07,0.04,0.02,0,0,0,NaN,
H600,nW4,nW4,nW4,nWH,4,Nonwoven (Halyard),spunbond meltblown spunbond polypropylene,"Recycled Halyard sterilization wrapping after autoclave sterilization, 1-ply of 2-ply sheet",1,None,,82,38,70,0.67,0.59,0.46,0.36,0.27,0.16,0.12,0.1,0.07,0.04,0.02,0.01,0,0,0,NaN,
H600,nW4,nW4,nW4,nWH,4,Nonwoven (Halyard),spunbond meltblown spunbond polypropylene,"Recycled Halyard sterilization wrapping after autoclave sterilization, 1-ply of 2-ply sheet",1,None,0.53,82,39,80,0.66,0.58,0.44,0.34,0.24,0.16,0.11,0.08,0.05,0.02,0.01,0,0,0,0,0,
H600,nW4,nW4,nW4 HSx10,nWH,4,Nonwoven (Halyard),spunbond meltblown spunbond polypropylene,"Recycled Halyard sterilization wrapping after autoclave sterilization, 1-ply of 2-ply sheet",1,Heat treated,,82,38,77,0.49,0.42,0.33,0.26,0.2,0.13,0.09,0.08,0.05,0.03,0.01,0.01,0,0,0,0,
H600,nW4,nW4,nW4 WDx10,nWH,4,Nonwoven (Halyard),spunbond meltblown spunbond polypropylene,"Recycled Halyard sterilization wrapping after autoclave sterilization, 1-ply of 2-ply sheet",1,Laundered,,82,42,34,0.88,0.82,0.73,0.65,0.56,0.46,0.36,0.31,0.24,0.15,0.08,0.03,0,0,0,0,
H600,nW4,nW4,nW4 HS,nWH,4,Nonwoven (Halyard),spunbond meltblown spunbond polypropylene,"Recycled Halyard sterilization wrapping after autoclave sterilization, 1-ply of 2-ply sheet",1,Heat treated,,82,42,63,0.98,0.86,0.61,0.44,0.3,0.18,0.13,0.1,0.07,0.04,0.01,0.01,0,0,NaN,0,
H600,nW4,nW4,nW4 IPA,nWH,4,Nonwoven (Halyard),spunbond meltblown spunbond polypropylene,"Recycled Halyard sterilization wrapping after autoclave sterilization, 1-ply of 2-ply sheet",1,IPA,0.56,83,40,34,1.07,0.88,0.57,0.36,0.23,0.14,0.1,0.06,0.03,0.01,0.01,0.01,0,0,0,NaN,
H600,nW4,nW4,nW4 SW,nWH,4,Nonwoven (Halyard),spunbond meltblown spunbond polypropylene,"Recycled Halyard sterilization wrapping after autoclave sterilization, 1-ply of 2-ply sheet",1,Washed with soap,,82,40,33,0.99,0.93,0.84,0.74,0.62,0.5,0.4,0.35,0.27,0.18,0.11,0.06,0.07,0,0,0,
H600,nW4,nW4,nW4 SW,nWH,4,Nonwoven (Halyard),spunbond meltblown spunbond polypropylene,"Recycled Halyard sterilization wrapping after autoclave sterilization, 1-ply of 2-ply sheet",1,Washed with soap,,82,34,33,0.95,0.91,0.83,0.77,0.71,0.55,0.48,0.42,0.33,0.24,0.15,0.06,0.05,0,0,0,
H600,nW4,nW4,nW4 WD,nWH,4,Nonwoven (Halyard),spunbond meltblown spunbond polypropylene,"Recycled Halyard sterilization wrapping after autoclave sterilization, 1-ply of 2-ply sheet",1,Laundered,,82,29,41,0.97,0.94,0.83,0.75,0.65,0.52,0.43,0.38,0.3,0.21,0.12,0.07,0.03,0,0,0,
H600,nW4,nW4x2,nW4x2,nWH,4,Nonwoven (Halyard),spunbond meltblown spunbond polypropylene,"Recycled Halyard sterilization wrapping after autoclave sterilization, 1-ply of 2-ply sheet",2,None,,164,76,73,0.37,0.28,0.15,0.09,0.05,0.02,0.01,0.01,0,0,0,0,0,0,0,0,
H600,nW4,nW4x2,nW4x2,nWH,4,Nonwoven (Halyard),spunbond meltblown spunbond polypropylene,"Recycled Halyard sterilization wrapping after autoclave sterilization, 1-ply of 2-ply sheet",2,None,,164,81,93,0.29,0.21,0.11,0.06,0.03,0.01,0.01,0,0,0,0,0,0,0,0,0,
Dried baby wipe,nW5,nW5,nW5,nW,4,Nonwoven,Spunlace polypropylene,"Huggies Simply Clean, dried",1,None,,67,5,74,0.97,0.96,0.92,0.89,0.85,0.78,0.75,0.72,0.69,0.65,0.58,0.53,0.46,0.41,0,0,
Dried baby wipe,nW5,nW5,nW5,nW,4,Nonwoven,Spunlace polypropylene,"Huggies Simply Clean, dried",1,None,0.41,51,5,63,0.98,0.97,0.94,0.92,0.87,0.81,0.78,0.76,0.73,0.67,0.62,0.5,0.38,0.17,0,0,
Dried baby wipe,nW5,nW5,nW5 WDx10,nW,4,Nonwoven,Spunlace polypropylene,"Huggies Simply Clean, dried",1,Laundered,,51,6,67,0.92,0.9,0.87,0.85,0.81,0.76,0.74,0.73,0.67,0.62,0.57,0.51,0.43,0,0,0,
Dried baby wipe,nW5,nW5,nW5 HS,nW,4,Nonwoven,Spunlace polypropylene,"Huggies Simply Clean, dried",1,Heat treated,0.45,57,5,60,0.98,0.96,0.94,0.91,0.87,0.83,0.79,0.79,0.74,0.71,0.64,0.56,0.48,0.33,0.2,0,
Dried baby wipe,nW5,nW5,nW5 IPA,nW,4,Nonwoven,Spunlace polypropylene,"Huggies Simply Clean, dried",1,IPA,0.29,64,7,40,0.99,0.98,0.97,0.94,0.92,0.87,0.84,0.81,0.76,0.69,0.6,0.5,0.42,0.4,0.2,0,
Dried baby wipe,nW5,nW5,nW5 SW,nW,4,Nonwoven,Spunlace polypropylene,"Huggies Simply Clean, dried",1,Washed with soap,0.31,85,8,62,1.1,1.04,0.96,0.87,0.82,0.72,0.68,0.66,0.61,0.52,0.32,0.21,0.15,0.07,0,0,
Dried baby wipe,nW5,nW5,nW5 SW,nW,4,Nonwoven,Spunlace polypropylene,"Huggies Simply Clean, dried",1,Washed with soap,0.31,85,8,52,0.99,0.96,0.94,0.91,0.87,0.79,0.78,0.74,0.66,0.5,0.37,0.24,0.13,0.24,0,0,
Dried baby wipe,nW5,nW5x2,nW5x2,nW,4,Nonwoven,Spunlace polypropylene,"Huggies Simply Clean, dried",2,None,1.15,122,13,61,0.92,0.89,0.83,0.79,0.72,0.62,0.56,0.52,0.45,0.38,0.29,0.2,0.11,0.09,0,0,
Dried baby wipe,nW5,nW5,nW5 HS,nW,4,Nonwoven,Spunlace polypropylene,"Huggies Simply Clean, dried",1,Heat treated,,57,5,78,0.93,0.9,0.83,0.82,0.79,0.74,0.72,0.68,0.68,0.65,0.59,0.46,0.31,NaN,NaN,NaN,
Dried baby wipe,nW5,nW5,nW5 HS,nW,4,Nonwoven,Spunlace polypropylene,"Huggies Simply Clean, dried",1,Heat treated,,57,4.5,30,1,1.01,1.01,1.01,1,0.97,0.94,0.91,0.87,0.8,0.76,0.59,0.43,NaN,NaN,NaN,
Dried baby wipe,nW5,nW5,nW5 HS,nW,4,Nonwoven,Spunlace polypropylene,"Huggies Simply Clean, dried",1,Heat treated,,57,5,41,0.99,0.99,0.98,0.97,0.95,0.91,0.87,0.85,0.82,0.73,0.71,0.59,0.45,NaN,NaN,NaN,
Commercial washroom towel,nW6,nW6x2,nW6,nW,4,Nonwoven,Cellulose,"Cellulose, coarse Kimberly Clark commercial washroom towels",2,None,,118,64,18,0.96,0.92,0.83,0.76,0.66,0.54,0.44,0.39,0.32,0.2,0.11,0.03,0.03,0,0,NaN,736%
Paper towel,nW7,nW7,nW7,nW,4,Nonwoven,Cellulose,"Cellulose, Bounty Plus 2-ply",1,None,,53,11,41,0.95,0.93,0.88,0.84,0.8,0.75,0.7,0.67,0.64,0.57,0.52,0.46,0.33,0.19,0,0,
Microfiber,nW8,nW8x5,nW8x5,nW,4,Nonwoven,Microfiber,Generic microfiber cloth,5,None,,1111,38,13,1,0.98,0.93,0.89,0.84,0.72,0.69,0.66,0.62,0.55,0.48,0.34,0.3,0.16,0.29,0,
"Smartfab, 63 GSM",nW9,nW9,nW9,nW,4,Nonwoven,Spunbond polypropylene,Model 1U67482470,1,None,,63,4,32,0.96,0.96,0.96,0.96,0.96,0.94,0.92,0.91,0.88,0.84,0.83,0.74,0.87,0.35,0.8,NaN,
"Smartfab, 63 GSM",nW9,nW9,nW9,nW,4,Nonwoven,Spunbond polypropylene,Model 1U67482470,1,None,,63,3,7,0.99,1,1.01,1.01,1.02,1.01,1.02,0.98,0.98,0.93,0.84,0.72,0.71,NaN,NaN,NaN,
"Smartfab, 63 GSM",nW9,nW9,nW9,nW,4,Nonwoven,Spunbond polypropylene,Model 1U67482470,1,None,,63,4,47,0.95,0.93,0.92,0.91,0.9,0.86,0.88,0.84,0.83,0.79,0.83,0.81,0.55,0.86,0.22,0,
"Smartfab, 63 GSM",nW9,nW9x2,nW9x2,nW,4,Nonwoven,Spunbond polypropylene,Model 1U67482470,2,None,,126,11,20,0.95,0.95,0.94,0.94,0.93,0.9,0.91,0.89,0.8,0.73,0.62,0.46,0.22,0.11,0,0,
"Smartfab, 63 GSM",nW9,nW9x2,nW9x2,nW,4,Nonwoven,Spunbond polypropylene,Model 1U67482470,2,None,,126,9,15,0.96,0.95,0.95,0.94,0.95,0.91,0.92,0.89,0.87,0.82,0.66,0.37,0.46,0,0,0,
"Smartfab, 63 GSM",nW9,nW9x2,nW9x2,nW,4,Nonwoven,Spunbond polypropylene,Model 1U67482470,2,None,,126,10,34,0.91,0.88,0.86,0.83,0.83,0.78,0.76,0.72,0.71,0.66,0.57,0.31,0.09,0.18,0.29,0,
"Smartfab, 63 GSM",nW9,nW9x3,nW9x3,nW,4,Nonwoven,Spunbond polypropylene,Model 1U67482470,3,None,,189,15,29,0.89,0.85,0.81,0.78,0.73,0.71,0.69,0.66,0.65,0.6,0.42,0.43,0.42,0.14,1.33,0,
"Smartfab, 63 GSM",nW9,nW9x3,nW9x3,nW,4,Nonwoven,Spunbond polypropylene,Model 1U67482470,3,None,,189,14,25,0.9,0.89,0.88,0.87,0.84,0.81,0.82,0.77,0.7,0.6,0.54,0.43,0.21,0,0,0,
"Smartfab, 63 GSM",nW9,nW9x3,nW9x3,nW,4,Nonwoven,Spunbond polypropylene,Model 1U67482470,3,None,,189,13,37,0.87,0.83,0.82,0.79,0.79,0.71,0.67,0.65,0.62,0.5,0.35,0.35,0.16,0,0,0,
"Smartfab, 63 GSM",nW9,nW9x3,nW9x3,nW,4,Nonwoven,Spunbond polypropylene,Model 1U67482470,3,None,,189,15,28,0.86,0.86,0.84,0.84,0.84,0.75,0.72,0.69,0.66,0.58,0.49,0.29,0.11,0,0,0,
"Smartfab, 63 GSM",nW9,nW9x3,nW9x3,nW,4,Nonwoven,Spunbond polypropylene,Model 1U67482470,3,None,,189,14,32,0.91,0.9,0.88,0.85,0.8,0.74,0.73,0.68,0.64,0.55,0.43,0.23,0.2,NaN,NaN,NaN,
"Smartfab, 63 GSM",nW9,nW9x4,nW9x4,nW,4,Nonwoven,Spunbond polypropylene,Model 1U67482470,4,None,,252,19,29,0.87,0.82,0.78,0.75,0.7,0.66,0.65,0.6,0.58,0.47,0.38,0.29,0.21,0.17,0,0,
"Smartfab, 63 GSM",nW9,nW9x4,nW9x4,nW,4,Nonwoven,Spunbond polypropylene,Model 1U67482470,4,None,,252,20,30,0.85,0.81,0.77,0.73,0.7,0.64,0.62,0.56,0.55,0.51,0.29,0.13,0.04,0.17,0,0,
"Smartfab, 63 GSM",nW9,nW9x4,nW9x4,nW,4,Nonwoven,Spunbond polypropylene,Model 1U67482470,4,None,,252,19,31,0.85,0.81,0.79,0.76,0.73,0.66,0.64,0.6,0.55,0.51,0.36,0.32,0.31,0,0,0,
"Smartfab, 63 GSM",nW9,nW9x5,nW9x5,nW,4,Nonwoven,Spunbond polypropylene,Model 1U67482470,5,None,,315,25,32,0.8,0.75,0.73,0.69,0.64,0.56,0.55,0.51,0.45,0.36,0.23,0.05,0,0,0,0,
"Smartfab, 63 GSM",nW9,nW9x5,nW9x5,nW,4,Nonwoven,Spunbond polypropylene,Model 1U67482470,5,None,,315,26,17,0.87,0.86,0.86,0.85,0.83,0.78,0.73,0.71,0.64,0.55,0.31,0.18,0,0,0,0,
"Smartfab, 63 GSM",nW9,nW9x5,nW9x5,nW,4,Nonwoven,Spunbond polypropylene,Model 1U67482470,5,None,,315,25,15,0.89,0.88,0.88,0.88,0.87,0.8,0.78,0.74,0.69,0.56,0.34,0.24,0,0,0,0,
"SmartFab, Double Thick",nW9,nW9,nW9 IPA,nW,4,Nonwoven,Spunlace polpropylene,,1,IPA,,,4,6,0.008,0.010,0.018,0.025,0.037,0.048,0.050,0.070,0.061,0.106,0.182,0.132,0.200,0.000,1.000,1.000,
"SmartFab, Double Thick",nW9,nW9,nW9 IPA,nW,4,Nonwoven,Spunlace polpropylene,,1,IPA,,,4,47,0.067,0.113,0.153,0.172,0.189,0.215,0.195,0.193,0.147,0.083,-0.153,0.059,-0.300,0.500,0.000,1.000,
"SmartFab, Double Thick",nW9,nW9,nW9 IPA,nW,4,Nonwoven,Spunlace polpropylene,,1,IPA,,,4,1,-0.002,-0.004,-0.004,0.004,-0.008,0.006,0.004,-0.012,-0.018,-0.042,-0.074,-0.262,-0.125,1.000,1.000,1.000,
"SmartFab, Double Thick",nW9,nW9,nW9,nW,4,Nonwoven,Spunlace polpropylene,,1,None,,,3,11,0.048,0.033,0.028,0.031,0.030,0.048,0.060,0.062,0.061,0.080,0.102,0.194,0.238,0.250,1.000,1.000,
"SmartFab, Double Thick",nW9,nW9,nW9,nW,4,Nonwoven,Spunlace polpropylene,,1,None,,,2,39,0.105,0.093,0.087,0.075,0.076,0.092,0.101,0.103,0.110,0.166,0.153,0.085,0.222,1.000,1.000,1.000,
"SmartFab, Double Thick",nW9,nW9,nW9 WD,nW,4,Nonwoven,Spunlace polpropylene,,1,Washed,,,4,34,0.077,0.084,0.109,0.128,0.142,0.184,0.210,0.236,0.247,0.271,0.367,0.397,0.472,1.000,1.000,1.000,
"SmartFab, Double Thick",nW9,nW9,nW9 WD,nW,4,Nonwoven,Spunlace polpropylene,,1,Washed,,,4,2,0.032,0.016,0.007,0.009,0.005,0.026,0.047,0.083,0.086,0.146,0.143,0.369,0.500,0.667,0.000,1.000,
"SmartFab, Double Thick",nW9,nW9,nW9 WDIPA,nW,4,Nonwoven,Spunlace polpropylene,,1,WashedIPA,,,5,-8,0.012,-0.006,-0.023,-0.039,-0.045,-0.059,-0.056,-0.073,-0.091,-0.110,-0.131,-0.403,0.134,-0.125,1.000,1.000,
"SmartFab, Double Thick",nW9,nW9,nW9 WDIPA,nW,4,Nonwoven,Spunlace polpropylene,,1,WashedIPA,,,4,1,0.009,0.005,0.009,0.004,0.017,0.017,0.008,-0.046,-0.123,-0.203,-0.189,0.051,0.125,0.000,1.000,1.000,
"SmartFab, Double Thick",nW9,nW9,nW9 WDIPA,nW,4,Nonwoven,Spunlace polpropylene,,1,WashedIPA,,,4,-12,0.007,-0.012,-0.038,-0.051,-0.063,-0.086,-0.080,-0.135,-0.190,-0.217,-0.454,-0.627,-0.500,0.000,0.000,1.000,
"SmartFab, Double Thick",nW9,nW9x2,nW9 IPAx2,nW,4,Nonwoven,Spunlace polpropylene,,2,IPA,,,8,-3,0.020,0.004,-0.009,-0.024,-0.030,-0.040,-0.024,-0.033,-0.014,-0.020,-0.008,0.162,-0.238,0.500,1.000,1.000,
"SmartFab, Double Thick",nW9,nW9x2,nW9 IPAx2,nW,4,Nonwoven,Spunlace polpropylene,,2,IPA,,,8,13,0.062,0.079,0.092,0.098,0.107,0.124,0.120,0.139,0.160,0.241,0.344,0.310,0.100,1.000,1.000,1.000,
"SmartFab, Double Thick",nW9,nW9x2,nW9 IPAx2,nW,4,Nonwoven,Spunlace polpropylene,,2,IPA,,,10,8,0.043,0.058,0.072,0.079,0.091,0.119,0.106,0.126,0.122,0.148,0.142,0.118,0.444,0.333,1.000,1.000,
"SmartFab, Double Thick",nW9,nW9x2,nW9x2,nW,4,Nonwoven,Spunlace polpropylene,,2,None,,,7,27,0.142,0.142,0.163,0.171,0.185,0.237,0.265,0.288,0.332,0.391,0.448,0.654,0.600,0.500,1.000,1.000,
"SmartFab, Double Thick",nW9,nW9x2,nW9x2,nW,4,Nonwoven,Spunlace polpropylene,,2,None,,,11,24,0.165,0.182,0.207,0.232,0.252,0.298,0.318,0.323,0.339,0.362,0.337,0.389,0.400,0.000,1.000,1.000,
"SmartFab, Double Thick",nW9,nW9x2,nW9 WDx2,nW,4,Nonwoven,Spunlace polpropylene,,2,Washed,,,9,30,0.143,0.161,0.204,0.238,0.260,0.343,0.372,0.409,0.446,0.489,0.546,0.678,0.583,1.000,1.000,1.000,
"SmartFab, Double Thick",nW9,nW9x2,nW9 WDx2,nW,4,Nonwoven,Spunlace polpropylene,,2,Washed,,,8,13,0.122,0.105,0.104,0.099,0.112,0.147,0.182,0.225,0.278,0.375,0.426,0.676,0.750,0.250,1.000,1.000,
"SmartFab, Double Thick",nW9,nW9x2,nW9 WDIPAx2,nW,4,Nonwoven,Spunlace polpropylene,,2,WashedIPA,,,10,6,0.040,0.042,0.049,0.054,0.055,0.105,0.114,0.122,0.145,0.170,0.158,0.402,0.485,0.769,1.000,1.000,
"SmartFab, Double Thick",nW9,nW9x2,nW9 WDIPAx2,nW,4,Nonwoven,Spunlace polpropylene,,2,WashedIPA,,,10,10,0.049,0.063,0.090,0.095,0.115,0.145,0.162,0.179,0.212,0.221,0.188,0.400,0.444,1.000,1.000,1.000,
"SmartFab, Double Thick",nW9,nW9x2,nW9 WDIPAx2,nW,4,Nonwoven,Spunlace polpropylene,,2,WashedIPA,,,8,0,0.012,0.001,-0.002,-0.004,-0.004,-0.017,-0.034,-0.062,-0.120,-0.203,-0.204,-0.098,0.200,0.000,1.000,1.000,
"SmartFab, Double Thick",nW9,nW9x3,nW9 IPAx3,nW,4,Nonwoven,Spunlace polpropylene,,3,IPA,,,13,26,0.133,0.189,0.248,0.283,0.302,0.363,0.393,0.409,0.453,0.465,0.601,0.600,0.529,0.500,1.000,1.000,
"SmartFab, Double Thick",nW9,nW9x3,nW9 IPAx3,nW,4,Nonwoven,Spunlace polpropylene,,3,IPA,,,19,-1,0.020,-0.006,-0.017,-0.011,-0.006,0.031,0.085,0.116,0.176,0.318,0.374,0.541,0.438,0.500,1.000,1.000,
"SmartFab, Double Thick",nW9,nW9x3,nW9 IPAx3,nW,4,Nonwoven,Spunlace polpropylene,,3,IPA,,,15,3,-0.001,0.001,0.024,0.037,0.058,0.095,0.113,0.135,0.157,0.105,0.152,-0.152,0.083,1.000,1.000,1.000,
"SmartFab, Double Thick",nW9,nW9x3,nW9x3,nW,4,Nonwoven,Spunlace polpropylene,,3,None,,,12,11,0.124,0.117,0.119,0.124,0.129,0.180,0.208,0.240,0.285,0.290,0.436,0.519,0.706,1.000,1.000,1.000,
"SmartFab, Double Thick",nW9,nW9x3,nW9x3,nW,4,Nonwoven,Spunlace polpropylene,,3,None,,,13,18,0.146,0.174,0.198,0.213,0.218,0.263,0.267,0.283,0.327,0.377,0.503,0.435,0.684,0.500,1.000,1.000,
"SmartFab, Double Thick",nW9,nW9x3,nW9x3,nW,4,Nonwoven,Spunlace polpropylene,,3,None,,,15,20,0.241,0.246,0.256,0.258,0.275,0.306,0.315,0.367,0.400,0.450,0.669,0.700,0.500,-2.000,1.000,1.000,
"SmartFab, Double Thick",nW9,nW9x3,nW9 WDx3,nW,4,Nonwoven,Spunlace polpropylene,,3,Washed,,,12,14,0.087,0.104,0.135,0.150,0.158,0.212,0.223,0.243,0.287,0.275,0.391,0.500,0.579,1.000,0.500,1.000,
"SmartFab, Double Thick",nW9,nW9x3,nW9 WDx3,nW,4,Nonwoven,Spunlace polpropylene,,3,Washed,,,13,13,0.164,0.148,0.154,0.157,0.176,0.232,0.240,0.262,0.291,0.351,0.405,0.479,0.700,1.000,1.000,1.000,
"SmartFab, Double Thick",nW9,nW9x3,nW9 WDx3,nW,4,Nonwoven,Spunlace polpropylene,,3,Washed,,,15,20,0.173,0.188,0.219,0.257,0.290,0.336,0.372,0.397,0.447,0.568,0.636,0.565,0.727,1.000,1.000,1.000,
"SmartFab, Double Thick",nW9,nW9x3,nW9 WDIPAx3,nW,4,Nonwoven,Spunlace polpropylene,,3,WashedIPA,,,12,8,0.043,0.051,0.073,0.094,0.112,0.148,0.180,0.207,0.234,0.246,0.276,0.392,0.350,0.750,1.000,1.000,
"SmartFab, Double Thick",nW9,nW9x3,nW9 WDIPAx3,nW,4,Nonwoven,Spunlace polpropylene,,3,WashedIPA,,,13,1,0.041,0.018,0.011,0.008,0.018,0.024,0.063,0.063,0.101,0.091,0.170,0.370,0.154,1.000,1.000,1.000,
"SmartFab, Double Thick",nW9,nW9x3,nW9 WDIPAx3,nW,4,Nonwoven,Spunlace polpropylene,,3,WashedIPA,,,15,-2,0.034,-0.002,-0.014,-0.026,-0.021,-0.010,0.013,0.038,0.055,0.150,0.152,0.196,0.533,0.667,1.000,1.000,
"SmartFab, Double Thick",nW9,nW9x4,nW9 IPAx4,nW,4,Nonwoven,Spunlace polpropylene,,4,IPA,,,22,6,0.076,0.088,0.107,0.124,0.140,0.177,0.232,0.244,0.284,0.346,0.410,0.647,0.920,0.333,1.000,1.000,
"SmartFab, Double Thick",nW9,nW9x4,nW9 IPAx4,nW,4,Nonwoven,Spunlace polpropylene,,4,IPA,,,12,-5,-0.004,-0.035,-0.058,-0.062,-0.065,-0.069,0.000,0.000,0.048,0.069,0.132,0.366,0.455,1.000,1.000,1.000,
"SmartFab, Double Thick",nW9,nW9x4,nW9 IPAx4,nW,4,Nonwoven,Spunlace polpropylene,,4,IPA,,,19,9,0.127,0.135,0.137,0.150,0.161,0.190,0.239,0.245,0.294,0.357,0.461,0.621,0.571,0.500,1.000,1.000,
"SmartFab, Double Thick",nW9,nW9x4,nW9x4,nW,4,Nonwoven,Spunlace polpropylene,,4,None,,,22,27,0.314,0.343,0.403,0.443,0.483,0.575,0.641,0.690,0.715,0.764,0.820,0.890,0.900,1.000,1.000,0.000,
"SmartFab, Double Thick",nW9,nW9x4,nW9x4,nW,4,Nonwoven,Spunlace polpropylene,,4,None,,,16,22,0.203,0.230,0.270,0.295,0.320,0.385,0.417,0.446,0.491,0.526,0.640,0.672,0.833,0.500,0.000,1.000,
"SmartFab, Double Thick",nW9,nW9x4,nW9x4,nW,4,Nonwoven,Spunlace polpropylene,,4,None,,,19,14,0.219,0.213,0.220,0.236,0.245,0.289,0.318,0.361,0.415,0.433,0.490,0.619,0.167,1.000,1.000,1.000,
"SmartFab, Double Thick",nW9,nW9x4,nW9 WDx4,nW,4,Nonwoven,Spunlace polpropylene,,4,Washed,,,17,21,0.207,0.239,0.282,0.300,0.316,0.388,0.417,0.436,0.491,0.511,0.526,0.591,0.724,0.500,1.000,1.000,
"SmartFab, Double Thick",nW9,nW9x4,nW9 WDx4,nW,4,Nonwoven,Spunlace polpropylene,,4,Washed,,,19,20,0.215,0.244,0.284,0.314,0.341,0.397,0.413,0.459,0.471,0.497,0.548,0.682,0.444,1.000,1.000,1.000,
"SmartFab, Double Thick",nW9,nW9x4,nW9 WDx4,nW,4,Nonwoven,Spunlace polpropylene,,4,Washed,,,19,17,0.184,0.208,0.285,0.280,0.259,0.320,0.345,0.382,0.435,0.457,0.504,0.561,0.625,1.000,1.000,1.000,
"SmartFab, Double Thick",nW9,nW9x4,nW9 WDIPAx4,nW,4,Nonwoven,Spunlace polpropylene,,4,WashedIPA,,,16,3,0.064,0.063,0.060,0.054,0.050,0.062,0.060,0.077,0.113,0.141,0.251,0.393,0.545,1.000,1.000,1.000,
"SmartFab, Double Thick",nW9,nW9x4,nW9 WDIPAx4,nW,4,Nonwoven,Spunlace polpropylene,,4,WashedIPA,,,16,7,0.073,0.083,0.094,0.104,0.107,0.146,0.158,0.171,0.209,0.280,0.412,0.133,0.611,0.800,1.000,1.000,
"SmartFab, Double Thick",nW9,nW9x4,nW9 WDIPAx4,nW,4,Nonwoven,Spunlace polpropylene,,4,WashedIPA,,,19,9,0.115,0.125,0.143,0.157,0.161,0.198,0.219,0.253,0.282,0.387,0.435,0.433,0.364,1.000,0.500,1.000,
"SmartFab, Double Thick",nW9,nW9x5,nW9 WDx5,nW,4,Nonwoven,Spunlace polpropylene,,5,Washed,,,20,22,0.262,0.291,0.335,0.360,0.382,0.455,0.513,0.542,0.569,0.644,0.723,0.842,0.750,1.000,0.000,1.000,
"SmartFab, Double Thick",nW9,nW9x5,nW9 WDIPAx5,nW,4,Nonwoven,Spunlace polpropylene,,5,WashedIPA,,,20,6,0.089,0.094,0.108,0.109,0.118,0.147,0.177,0.188,0.241,0.235,0.381,0.524,0.722,0.857,1.000,1.000,
"White SmartFab, Double Thick",nW9,nW9x1,nW9 IPAx1,nW,4,Nonwoven,Spunlace polpropylene,Model _,1,IPA,,,6,18,0.057,0.078,0.092,0.101,0.112,0.135,0.130,0.169,0.199,0.237,0.183,0.221,0.333,-1.000,1.000,1.000,
"White SmartFab, Double Thick",nW9,nW9x1,nW9 IPAx1,nW,4,Nonwoven,Spunlace polpropylene,Model _,1,IPA,,,5,68,0.103,0.180,0.251,0.287,0.310,0.373,0.383,0.410,0.420,0.455,0.429,0.521,0.571,-0.667,1.000,1.000,
"White SmartFab, Double Thick",nW9,nW9x1,nW9x1,nW,4,Nonwoven,Spunlace polpropylene,Model _,1,None,,,6,39,0.141,0.154,0.179,0.208,0.251,0.307,0.331,0.370,0.391,0.430,0.391,0.565,0.600,0.500,1.000,1.000,
"White SmartFab, Double Thick",nW9,nW9x1,nW9x1,nW,4,Nonwoven,Spunlace polpropylene,Model _,1,None,,,5,20,0.097,0.084,0.090,0.094,0.111,0.148,0.194,0.251,0.282,0.359,0.490,0.516,0.750,1.000,1.000,1.000,
"White SmartFab, Double Thick",nW9,nW9x2,nW9 IPAx2,nW,4,Nonwoven,Spunlace polpropylene,Model _,2,IPA,,,11,-5,-0.014,-0.038,-0.064,-0.054,-0.069,-0.070,-0.054,-0.034,-0.043,0.017,0.042,0.387,0.111,0.000,1.000,1.000,
"White SmartFab, Double Thick",nW9,nW9x2,nW9 IPAx2,nW,4,Nonwoven,Spunlace polpropylene,Model _,2,IPA,,,16,-1,-0.021,-0.031,-0.030,-0.023,-0.012,0.011,0.023,0.067,0.063,0.109,0.155,-0.135,0.526,0.500,1.000,1.000,
"White SmartFab, Double Thick",nW9,nW9x2,nW9x2,nW,4,Nonwoven,Spunlace polpropylene,Model _,2,None,,,11,33,0.245,0.249,0.279,0.308,0.348,0.412,0.462,0.517,0.572,0.625,0.695,0.776,0.625,1.000,1.000,1.000,
"White SmartFab, Double Thick",nW9,nW9x2,nW9x2,nW,4,Nonwoven,Spunlace polpropylene,Model _,2,None,,,16,42,0.333,0.376,0.439,0.488,0.528,0.608,0.644,0.688,0.725,0.757,0.850,0.821,0.750,1.000,1.000,1.000,
"White SmartFab, Double Thick",nW9,nW9x3,nW9 IPAx3,nW,4,Nonwoven,Spunlace polpropylene,Model _,3,IPA,,,14,6,0.042,0.052,0.070,0.082,0.090,0.149,0.195,0.232,0.277,0.297,0.452,0.329,0.462,0.500,1.000,1.000,
"White SmartFab, Double Thick",nW9,nW9x3,nW9 IPAx3,nW,4,Nonwoven,Spunlace polpropylene,Model _,3,IPA,,,17,-1,0.015,-0.010,-0.029,-0.021,0.006,0.028,0.054,0.068,0.113,0.169,0.146,0.505,0.615,0.800,1.000,1.000,
"White SmartFab, Double Thick",nW9,nW9x3,nW9 IPAx3,nW,4,Nonwoven,Spunlace polpropylene,Model _,3,IPA,,,19,9,0.102,0.113,0.139,0.156,0.172,0.212,0.247,0.267,0.304,0.344,0.345,0.449,0.500,0.000,1.000,1.000,
"White SmartFab, Double Thick",nW9,nW9x3,nW9x3,nW,4,Nonwoven,Spunlace polpropylene,Model _,3,None,,,14,39,0.315,0.334,0.372,0.408,0.442,0.513,0.550,0.593,0.628,0.665,0.728,0.849,0.667,1.000,1.000,1.000,
"White SmartFab, Double Thick",nW9,nW9x3,nW9x3,nW,4,Nonwoven,Spunlace polpropylene,Model _,3,None,,,17,33,0.296,0.335,0.389,0.430,0.455,0.531,0.565,0.604,0.648,0.714,0.782,0.780,1.000,1.000,1.000,1.000,
"White SmartFab, Double Thick",nW9,nW9x3,nW9x3,nW,4,Nonwoven,Spunlace polpropylene,Model _,3,None,,,20,38,0.456,0.465,0.501,0.536,0.570,0.634,0.690,0.729,0.788,0.824,0.863,1.000,0.750,1.000,1.000,1.000,
"White SmartFab, Double Thick",nW9,nW9x4,nW9 IPAx4,nW,4,Nonwoven,Spunlace polpropylene,Model _,4,IPA,,,22,9,0.087,0.116,0.157,0.182,0.203,0.265,0.281,0.301,0.333,0.316,0.302,0.469,0.577,1.000,0.667,1.000,
"White SmartFab, Double Thick",nW9,nW9x4,nW9 IPAx4,nW,4,Nonwoven,Spunlace polpropylene,Model _,4,IPA,,,19,5,0.064,0.060,0.063,0.083,0.083,0.118,0.144,0.155,0.201,0.197,0.359,0.290,0.615,1.000,1.000,1.000,
"White SmartFab, Double Thick",nW9,nW9x4,nW9 IPAx4,nW,4,Nonwoven,Spunlace polpropylene,Model _,4,IPA,,,20,10,0.166,0.171,0.175,0.182,0.188,0.228,0.270,0.290,0.330,0.377,0.436,0.529,0.500,0.000,1.000,1.000,
"White SmartFab, Double Thick",nW9,nW9x4,nW9x4,nW,4,Nonwoven,Spunlace polpropylene,Model _,4,None,,,22,23,0.288,0.319,0.367,0.402,0.426,0.506,0.559,0.602,0.632,0.689,0.790,0.839,0.950,1.000,1.000,1.000,
"White SmartFab, Double Thick",nW9,nW9x4,nW9x4,nW,4,Nonwoven,Spunlace polpropylene,Model _,4,None,,,19,38,0.400,0.432,0.481,0.514,0.556,0.630,0.671,0.712,0.759,0.799,0.845,0.845,0.913,1.000,1.000,1.000,
"White SmartFab, Double Thick",nW9,nW9x4,nW9x4,nW,4,Nonwoven,Spunlace polpropylene,Model _,4,None,,,20,55,0.533,0.575,0.618,0.665,0.733,0.781,0.831,0.861,0.899,0.945,1.000,1.000,1.000,1.000,1.000,1.000,
Advancheck SMS,nW10,nW10,nW10 IPA,nW,4,Nonwoven,Spunbond-meltdown-spunbond polypropylene,,1,IPA,,,21,10,0.038,0.068,0.133,0.184,0.228,0.330,0.412,0.475,0.544,0.629,0.693,0.832,0.864,0.857,1.000,1.000,
Advancheck SMS,nW10,nW10,nW10 IPA,nW,4,Nonwoven,Spunbond-meltdown-spunbond polypropylene,,1,IPA,,,16,8,0.040,0.059,0.093,0.126,0.153,0.214,0.261,0.326,0.383,0.461,0.536,0.512,0.667,1.000,1.000,1.000,
Advancheck SMS,nW10,nW10,nW10 IPA,nW,4,Nonwoven,Spunbond-meltdown-spunbond polypropylene,,1,IPA,,,27,6,0.114,0.111,0.125,0.149,0.178,0.233,0.304,0.377,0.415,0.511,0.553,0.782,0.846,1.000,1.000,1.000,
Advancheck SMS,nW10,nW10,nW10 IPA,nW,4,Nonwoven,Spunbond-meltdown-spunbond polypropylene,,1,IPA,,,21,11,0.148,0.172,0.195,0.204,0.227,0.270,0.328,0.376,0.436,0.505,0.574,0.712,0.786,0.833,1.000,1.000,
Advancheck SMS,nW10,nW10,nW10,nW,4,Nonwoven,Spunbond-meltdown-spunbond polypropylene,,1,None,,,20,16,0.152,0.180,0.235,0.281,0.315,0.425,0.489,0.547,0.616,0.707,0.777,0.900,0.887,1.000,1.000,1.000,
Advancheck SMS,nW10,nW10,nW10,nW,4,Nonwoven,Spunbond-meltdown-spunbond polypropylene,,1,None,,,17,5,0.036,0.040,0.053,0.078,0.110,0.167,0.255,0.331,0.410,0.491,0.604,0.768,0.900,1.000,1.000,1.000,
Advancheck SMS,nW10,nW10,nW10,nW,4,Nonwoven,Spunbond-meltdown-spunbond polypropylene,,1,None,,,29,9,0.144,0.154,0.186,0.229,0.267,0.369,0.472,0.556,0.657,0.745,0.830,0.925,1.000,1.000,1.000,1.000,
Advancheck SMS,nW10,nW10,nW10,nW,4,Nonwoven,Spunbond-meltdown-spunbond polypropylene,,1,None,,,23,10,0.073,0.105,0.158,0.197,0.241,0.314,0.396,0.453,0.517,0.582,0.685,0.608,0.950,1.000,1.000,1.000,
Advancheck SMS,nW10,nW10,nW10 WD,nW,4,Nonwoven,Spunbond-meltdown-spunbond polypropylene,,1,Washed,,,23,33,0.290,0.365,0.466,0.531,0.577,0.679,0.750,0.792,0.834,0.879,0.921,0.960,0.970,1.000,1.000,1.000,
Advancheck SMS,nW10,nW10,nW10 WD,nW,4,Nonwoven,Spunbond-meltdown-spunbond polypropylene,,1,Washed,,,17,25,0.222,0.259,0.311,0.346,0.384,0.461,0.536,0.597,0.638,0.740,0.814,0.882,0.875,0.750,0.000,1.000,
Advancheck SMS,nW10,nW10,nW10 WD,nW,4,Nonwoven,Spunbond-meltdown-spunbond polypropylene,,1,Washed,,,19,18,0.171,0.201,0.245,0.285,0.323,0.401,0.479,0.537,0.608,0.688,0.756,0.876,0.889,0.333,1.000,1.000,
Advancheck SMS,nW10,nW10,nW10 WD,nW,4,Nonwoven,Spunbond-meltdown-spunbond polypropylene,,1,Washed,,,18,18,0.145,0.184,0.233,0.274,0.315,0.378,0.462,0.515,0.565,0.624,0.786,0.964,1.000,0.750,1.000,1.000,
Advancheck SMS,nW10,nW10,nW10 WDIPA,nW,4,Nonwoven,Spunbond-meltdown-spunbond polypropylene,,1,WashedIPA,,,25,11,0.048,0.092,0.181,0.243,0.302,0.436,0.507,0.582,0.651,0.737,0.813,0.909,0.960,1.000,0.000,1.000,
Advancheck SMS,nW10,nW10,nW10 WDIPA,nW,4,Nonwoven,Spunbond-meltdown-spunbond polypropylene,,1,WashedIPA,,,16,9,0.046,0.066,0.099,0.136,0.169,0.229,0.302,0.352,0.404,0.480,0.519,0.630,0.917,1.000,1.000,1.000,
Advancheck SMS,nW10,nW10,nW10 WDIPA,nW,4,Nonwoven,Spunbond-meltdown-spunbond polypropylene,,1,WashedIPA,,,18,13,0.121,0.150,0.180,0.204,0.231,0.303,0.357,0.420,0.475,0.581,0.667,0.663,0.938,1.000,1.000,1.000,
Advancheck SMS,nW10,nW10,nW10 WDIPA,nW,4,Nonwoven,Spunbond-meltdown-spunbond polypropylene,,1,WashedIPA,,,18,12,0.096,0.130,0.175,0.199,0.229,0.283,0.355,0.411,0.472,0.518,0.591,0.661,0.750,1.000,1.000,1.000,
Advancheck SMS,nW10,nW10x2,nW10 IPAx2,nW,4,Nonwoven,Spunbond-meltdown-spunbond polypropylene,,2,IPA,,,45,12,0.161,0.267,0.349,0.419,0.558,0.659,0.727,0.798,0.865,0.929,0.981,0.965,1.000,1.000,1.000,1.000,
Advancheck SMS,nW10,nW10x2,nW10 IPAx2,nW,4,Nonwoven,Spunbond-meltdown-spunbond polypropylene,,2,IPA,,,36,10,0.126,0.175,0.247,0.302,0.356,0.463,0.524,0.598,0.668,0.742,0.872,0.836,0.944,0.500,1.000,1.000,
Advancheck SMS,nW10,nW10x2,nW10 IPAx2,nW,4,Nonwoven,Spunbond-meltdown-spunbond polypropylene,,2,IPA,,,49,8,0.227,0.249,0.297,0.335,0.388,0.467,0.549,0.605,0.641,0.711,0.654,0.804,0.941,1.000,1.000,1.000,
Advancheck SMS,nW10,nW10x2,nW10 IPAx2,nW,4,Nonwoven,Spunbond-meltdown-spunbond polypropylene,,2,IPA,,,47,7,0.152,0.193,0.252,0.292,0.339,0.422,0.494,0.568,0.625,0.681,0.766,0.782,0.750,1.000,0.667,1.000,
Advancheck SMS,nW10,nW10x2,nW10x2,nW,4,Nonwoven,Spunbond-meltdown-spunbond polypropylene,,2,None,,,45,13,0.191,0.261,0.373,0.454,0.521,0.654,0.746,0.802,0.862,0.907,0.941,0.982,1.000,1.000,1.000,1.000,
Advancheck SMS,nW10,nW10x2,nW10x2,nW,4,Nonwoven,Spunbond-meltdown-spunbond polypropylene,,2,None,,,34,26,0.426,0.492,0.542,0.585,0.668,0.740,0.781,0.828,0.875,0.943,0.930,1.000,1.000,1.000,1.000,1.000,
Advancheck SMS,nW10,nW10x2,nW10x2,nW,4,Nonwoven,Spunbond-meltdown-spunbond polypropylene,,2,None,,,49,16,0.353,0.421,0.479,0.540,0.646,0.733,0.786,0.842,0.900,0.939,0.989,1.000,1.000,1.000,1.000,1.000,
Advancheck SMS,nW10,nW10x2,nW10x2,nW,4,Nonwoven,Spunbond-meltdown-spunbond polypropylene,,2,None,,,47,13,0.234,0.300,0.391,0.460,0.524,0.630,0.716,0.777,0.845,0.891,0.955,0.955,1.000,1.000,1.000,1.000,
Advancheck SMS,nW10,nW10x2,nW10 WDx2,nW,4,Nonwoven,Spunbond-meltdown-spunbond polypropylene,,2,Washed,,,47,26,0.478,0.586,0.654,0.711,0.807,0.860,0.895,0.926,0.958,0.980,0.992,0.970,1.000,1.000,1.000,1.000,
Advancheck SMS,nW10,nW10x2,nW10 WDx2,nW,4,Nonwoven,Spunbond-meltdown-spunbond polypropylene,,2,Washed,,,51,24,0.490,0.563,0.646,0.698,0.746,0.818,0.876,0.904,0.933,0.958,0.980,1.000,1.000,1.000,1.000,0.000,
Advancheck SMS,nW10,nW10x2,nW10 WDx2,nW,4,Nonwoven,Spunbond-meltdown-spunbond polypropylene,,2,Washed,,,46,17,0.340,0.399,0.480,0.546,0.598,0.690,0.777,0.822,0.868,0.914,0.952,0.989,0.958,1.000,1.000,1.000,
Advancheck SMS,nW10,nW10x2,nW10 WDx2,nW,4,Nonwoven,Spunbond-meltdown-spunbond polypropylene,,2,Washed,,,45,18,0.362,0.429,0.504,0.563,0.614,0.698,0.778,0.825,0.867,0.915,0.954,0.978,1.000,1.000,1.000,1.000,
Advancheck SMS,nW10,nW10x2,nW10 WDIPAx2,nW,4,Nonwoven,Spunbond-meltdown-spunbond polypropylene,,2,WashedIPA,,,46,9,0.084,0.152,0.260,0.333,0.400,0.546,0.637,0.710,0.789,0.853,0.907,0.968,0.953,1.000,1.000,0.000,
Advancheck SMS,nW10,nW10x2,nW10 WDIPAx2,nW,4,Nonwoven,Spunbond-meltdown-spunbond polypropylene,,2,WashedIPA,,,48,12,0.222,0.297,0.381,0.443,0.508,0.609,0.684,0.764,0.824,0.896,0.924,0.984,1.000,1.000,1.000,1.000,
Advancheck SMS,nW10,nW10x2,nW10 WDIPAx2,nW,4,Nonwoven,Spunbond-meltdown-spunbond polypropylene,,2,WashedIPA,,,45,13,0.265,0.327,0.398,0.448,0.492,0.587,0.673,0.741,0.801,0.859,0.932,1.000,1.000,1.000,1.000,1.000,
Advancheck SMS,nW10,nW10x2,nW10 WDIPAx2,nW,4,Nonwoven,Spunbond-meltdown-spunbond polypropylene,,2,WashedIPA,,,44,7,0.148,0.196,0.246,0.275,0.320,0.384,0.442,0.494,0.536,0.608,0.678,0.608,0.786,0.000,0.000,1.000,
White Filti,nW11,nW11,nW11 IPAx1,nW,4,Nonwoven,Polypropylene/Nanofiber/Polyester composite,White Filti,1,IPA,,,66,50,0.911,0.939,0.956,0.963,0.968,0.977,0.981,0.982,0.984,0.985,0.989,0.989,1.000,0.923,1.000,1.000,
White Filti,nW11,nW11,nW11 IPAx1,nW,4,Nonwoven,Polypropylene/Nanofiber/Polyester composite,White Filti,1,IPA,,,56,61,0.859,0.918,0.953,0.967,0.977,0.985,0.988,0.991,0.992,0.994,0.992,0.995,1.000,1.000,1.000,1.000,
White Filti,nW11,nW11,nW11 IPAx1,nW,4,Nonwoven,Polypropylene/Nanofiber/Polyester composite,White Filti,1,IPA,,,9,22,0.101,0.125,0.162,0.179,0.204,0.241,0.263,0.283,0.311,0.353,0.413,0.532,0.655,0.167,1.000,1.000,
White Filti,nW11,nW11,nW11 IPAx1,nW,4,Nonwoven,Polypropylene/Nanofiber/Polyester composite,White Filti,1,IPA,,,60,63,0.948,0.963,0.973,0.977,0.981,0.987,0.988,0.989,0.991,0.993,0.996,0.990,1.000,1.000,1.000,1.000,
White Filti,nW11,nW11,nW11 IPAx1,nW,4,Nonwoven,Polypropylene/Nanofiber/Polyester composite,White Filti,1,IPA,,,63,63,0.945,0.965,0.976,0.980,0.984,0.989,0.990,0.991,0.991,0.995,0.991,1.000,1.000,1.000,1.000,1.000,
White Filti,nW11,nW11,nW11 IPAx1,nW,4,Nonwoven,Polypropylene/Nanofiber/Polyester composite,White Filti,1,IPA,,,48,35,0.756,0.783,0.802,0.811,0.821,0.836,0.839,0.853,0.861,0.868,0.874,0.900,0.846,0.333,1.000,1.000,
White Filti,nW11,nW11,nW11 IPAx1,nW,4,Nonwoven,Polypropylene/Nanofiber/Polyester composite,White Filti,1,IPA,,,74,47,0.944,0.957,0.964,0.969,0.970,0.977,0.981,0.984,0.986,0.987,0.987,1.000,1.000,1.000,1.000,1.000,
White Filti,nW11,nW11,nW11,nW,4,Nonwoven,Polypropylene/Nanofiber/Polyester composite,White Filti,1,None,0.75,6.5,12,58,0.253,0.340,0.447,0.503,0.547,0.644,0.692,0.722,0.753,0.787,0.835,0.879,0.943,0.750,1.000,1.000,
White Filti,nW11,nW11,nW11,nW,4,Nonwoven,Polypropylene/Nanofiber/Polyester composite,White Filti,1,None,0.76,7.6,47,102,0.934,0.969,0.986,0.991,0.995,0.997,0.998,0.999,0.999,1.000,1.000,0.997,1.000,1.000,1.000,1.000,
White Filti,nW11,nW11,nW11,nW,4,Nonwoven,Polypropylene/Nanofiber/Polyester composite,White Filti,1,None,0.8,8.7,38,74,0.832,0.889,0.927,0.940,0.949,0.965,0.971,0.974,0.976,0.977,0.982,0.980,1.000,1.000,1.000,1.000,
White Filti,nW11,nW11,nW11,nW,4,Nonwoven,Polypropylene/Nanofiber/Polyester composite,White Filti,1,None,0.79,7.5,51,107,0.964,0.984,0.993,0.996,0.997,0.998,0.999,0.999,0.999,1.000,1.000,1.000,1.000,1.000,1.000,1.000,
White Filti,nW11,nW11,nW11,nW,4,Nonwoven,Polypropylene/Nanofiber/Polyester composite,White Filti,1,None,0.76,7.7,44,86,0.927,0.956,0.971,0.977,0.981,0.986,0.989,0.990,0.991,0.993,0.995,0.997,1.000,1.000,1.000,1.000,
White Filti,nW11,nW11,nW11,nW,4,Nonwoven,Polypropylene/Nanofiber/Polyester composite,White Filti,1,None,,,11,57,0.728,0.802,0.867,0.897,0.919,0.953,0.968,0.978,0.983,0.991,0.997,0.992,1.000,1.000,1.000,1.000,
White Filti,nW11,nW11,nW11,nW,4,Nonwoven,Polypropylene/Nanofiber/Polyester composite,White Filti,1,None,,,54,70,0.943,0.963,0.974,0.978,0.981,0.987,0.990,0.991,0.991,0.992,0.996,0.997,1.000,1.000,1.000,1.000,
White Filti,nW11,nW11,nW11,nW,4,Nonwoven,Polypropylene/Nanofiber/Polyester composite,White Filti,1,None,,,48,94,0.940,0.969,0.984,0.989,0.992,0.996,0.997,0.997,0.998,0.998,1.000,1.000,1.000,1.000,1.000,1.000,
White Filti,nW11,nW11,nW11,nW,4,Nonwoven,Polypropylene/Nanofiber/Polyester composite,White Filti,1,None,,,12,76,0.367,0.456,0.552,0.600,0.646,0.728,0.771,0.798,0.832,0.873,0.905,0.929,0.953,1.000,1.000,1.000,
White Filti,nW11,nW11,nW11,nW,4,Nonwoven,Polypropylene/Nanofiber/Polyester composite,White Filti,1,None,,,55,86,0.971,0.983,0.988,0.991,0.992,0.995,0.996,0.996,0.997,0.996,0.999,1.000,1.000,1.000,1.000,1.000,
White Filti,nW11,nW11,nW11,nW,4,Nonwoven,Polypropylene/Nanofiber/Polyester composite,White Filti,1,None,,,50,100,0.974,0.986,0.991,0.993,0.994,0.995,0.997,0.996,0.997,0.997,0.998,1.000,1.000,1.000,1.000,1.000,
White Filti,nW11,nW11,nW11,nW,4,Nonwoven,Polypropylene/Nanofiber/Polyester composite,White Filti,1,None,,,34,57,0.796,0.826,0.848,0.855,0.861,0.881,0.885,0.895,0.889,0.913,0.925,0.897,1.000,0.833,1.000,1.000,
White Filti,nW11,nW11,nW11,nW,4,Nonwoven,Polypropylene/Nanofiber/Polyester composite,White Filti,1,None,,,58,73,0.968,0.978,0.983,0.985,0.986,0.990,0.992,0.993,0.994,0.993,0.992,1.000,1.000,1.000,1.000,1.000,
White Filti,nW11,nW11,nW11 WD,nW,4,Nonwoven,Polypropylene/Nanofiber/Polyester composite,White Filti,1,Washed,,,14,35,0.215,0.265,0.338,0.388,0.423,0.519,0.576,0.608,0.649,0.684,0.759,0.815,0.711,1.000,1.000,1.000,
White Filti,nW11,nW11,nW11 WD,nW,4,Nonwoven,Polypropylene/Nanofiber/Polyester composite,White Filti,1,Washed,,,65,13,0.338,0.419,0.511,0.565,0.614,0.700,0.739,0.768,0.800,0.804,0.835,0.720,0.778,1.000,1.000,1.000,
White Filti,nW11,nW11,nW11 WD,nW,4,Nonwoven,Polypropylene/Nanofiber/Polyester composite,White Filti,1,Washed,,,19,17,0.160,0.190,0.241,0.271,0.297,0.365,0.418,0.441,0.491,0.563,0.555,0.773,0.609,0.500,1.000,1.000,
White Filti,nW11,nW11,nW11 WD,nW,4,Nonwoven,Polypropylene/Nanofiber/Polyester composite,White Filti,1,Washed,,,38,14,0.223,0.266,0.343,0.409,0.467,0.549,0.598,0.651,0.734,0.843,0.888,0.925,0.875,0.667,1.000,1.000,
White Filti,nW11,nW11,nW11 WDIPA,nW,4,Nonwoven,Polypropylene/Nanofiber/Polyester composite,White Filti,1,WashedIPA,,,17,7,0.049,0.066,0.094,0.116,0.141,0.211,0.237,0.270,0.310,0.381,0.409,0.504,0.567,0.667,1.000,1.000,
White Filti,nW11,nW11,nW11 WDIPA,nW,4,Nonwoven,Polypropylene/Nanofiber/Polyester composite,White Filti,1,WashedIPA,,,65,9,0.226,0.310,0.400,0.457,0.507,0.596,0.630,0.669,0.710,0.757,0.776,0.750,0.900,1.000,1.000,1.000,
White Filti,nW11,nW11,nW11 WDIPA,nW,4,Nonwoven,Polypropylene/Nanofiber/Polyester composite,White Filti,1,WashedIPA,,,20,16,0.158,0.195,0.240,0.274,0.291,0.369,0.423,0.453,0.514,0.540,0.614,0.614,0.773,0.750,0.667,1.000,
White Filti,nW11,nW11,nW11 WDIPA,nW,4,Nonwoven,Polypropylene/Nanofiber/Polyester composite,White Filti,1,WashedIPA,,,41,10,0.172,0.218,0.278,0.329,0.378,0.444,0.512,0.571,0.618,0.652,0.735,0.883,0.750,1.000,1.000,1.000,
White Filti,nW11,nW11x2,nW11 IPAx2,nW,4,Nonwoven,Polypropylene/Nanofiber/Polyester composite,White Filti,2,IPA,,,123,55,0.995,0.997,0.998,0.999,0.999,1.000,1.000,1.000,1.000,1.000,1.000,1.000,1.000,1.000,1.000,1.000,
White Filti,nW11,nW11x2,nW11 IPAx2,nW,4,Nonwoven,Polypropylene/Nanofiber/Polyester composite,White Filti,2,IPA,,,148,43,0.997,0.998,0.998,0.998,0.999,0.999,0.999,0.999,0.999,1.000,1.000,1.000,1.000,1.000,1.000,1.000,
White Filti,nW11,nW11x2,nW11 IPAx2,nW,4,Nonwoven,Polypropylene/Nanofiber/Polyester composite,White Filti,2,IPA,,,15,20,0.162,0.195,0.240,0.262,0.296,0.352,0.366,0.403,0.437,0.522,0.613,0.683,0.732,1.000,1.000,1.000,
White Filti,nW11,nW11x2,nW11 IPAx2,nW,4,Nonwoven,Polypropylene/Nanofiber/Polyester composite,White Filti,2,IPA,,,117,55,0.996,0.997,0.998,0.998,0.998,0.999,0.999,0.999,0.999,1.000,0.999,1.000,1.000,1.000,1.000,1.000,
White Filti,nW11,nW11x2,nW11 IPAx2,nW,4,Nonwoven,Polypropylene/Nanofiber/Polyester composite,White Filti,2,IPA,,,135,42,0.994,0.995,0.996,0.997,0.997,0.998,0.998,0.999,1.000,0.999,1.000,1.000,1.000,1.000,1.000,1.000,
White Filti,nW11,nW11x2,nW11 IPAx2,nW,4,Nonwoven,Polypropylene/Nanofiber/Polyester composite,White Filti,2,IPA,,,103,15,0.785,0.784,0.782,0.780,0.778,0.780,0.777,0.772,0.755,0.761,0.805,0.763,0.938,0.000,1.000,1.000,
White Filti,nW11,nW11x2,nW11 IPAx2,nW,4,Nonwoven,Polypropylene/Nanofiber/Polyester composite,White Filti,2,IPA,,,158,43,0.997,0.998,0.999,0.999,0.999,1.000,1.000,0.999,1.000,1.000,1.000,1.000,1.000,1.000,1.000,1.000,
White Filti,nW11,nW11x2,nW11x2,nW,4,Nonwoven,Polypropylene/Nanofiber/Polyester composite,White Filti,2,None,1.68,13.2,25,68,0.599,0.689,0.774,0.819,0.853,0.896,0.919,0.934,0.952,0.966,0.974,0.969,1.000,1.000,1.000,1.000,
White Filti,nW11,nW11x2,nW11x2,nW,4,Nonwoven,Polypropylene/Nanofiber/Polyester composite,White Filti,2,None,1.52,17.4,140,55,0.999,0.999,0.999,1.000,1.000,1.000,1.000,1.000,1.000,1.000,1.000,1.000,1.000,1.000,1.000,1.000,
White Filti,nW11,nW11x2,nW11x2,nW,4,Nonwoven,Polypropylene/Nanofiber/Polyester composite,White Filti,2,None,1.56,15.8,119,55,0.997,0.998,0.998,0.999,0.999,0.999,0.999,1.000,1.000,1.000,1.000,1.000,1.000,1.000,1.000,1.000,
White Filti,nW11,nW11x2,nW11x2,nW,4,Nonwoven,Polypropylene/Nanofiber/Polyester composite,White Filti,2,None,1.54,15.2,100,82,0.998,0.999,1.000,1.000,1.000,1.000,1.000,1.000,1.000,1.000,1.000,1.000,1.000,1.000,1.000,1.000,
White Filti,nW11,nW11x2,nW11x2,nW,4,Nonwoven,Polypropylene/Nanofiber/Polyester composite,White Filti,2,None,1.6,15.4,125,52,0.997,0.997,0.998,0.999,0.999,0.999,0.999,0.999,1.000,1.000,1.000,1.000,1.000,1.000,1.000,1.000,
White Filti,nW11,nW11x2,nW11x2,nW,4,Nonwoven,Polypropylene/Nanofiber/Polyester composite,White Filti,2,None,,,22,75,0.253,0.340,0.447,0.503,0.547,0.644,0.692,0.722,0.753,0.787,0.835,0.879,0.943,0.750,1.000,1.000,
White Filti,nW11,nW11x2,nW11x2,nW,4,Nonwoven,Polypropylene/Nanofiber/Polyester composite,White Filti,2,None,,,106,71,0.998,0.999,0.999,0.999,1.000,1.000,1.000,1.000,1.000,1.000,1.000,1.000,1.000,1.000,1.000,1.000,
White Filti,nW11,nW11x2,nW11x2,nW,4,Nonwoven,Polypropylene/Nanofiber/Polyester composite,White Filti,2,None,,,115,56,0.997,0.997,0.998,0.998,0.999,0.999,0.999,0.999,1.000,1.000,1.000,1.000,1.000,1.000,1.000,1.000,
White Filti,nW11,nW11x2,nW11x2,nW,4,Nonwoven,Polypropylene/Nanofiber/Polyester composite,White Filti,2,None,,,20,71,0.525,0.622,0.713,0.760,0.806,0.863,0.892,0.909,0.929,0.950,0.961,0.968,0.986,1.000,1.000,1.000,
White Filti,nW11,nW11x2,nW11x2,nW,4,Nonwoven,Polypropylene/Nanofiber/Polyester composite,White Filti,2,None,,,101,64,0.997,0.998,0.998,0.998,0.999,0.999,0.999,0.999,1.000,1.000,1.000,1.000,1.000,1.000,1.000,1.000,
White Filti,nW11,nW11x2,nW11x2,nW,4,Nonwoven,Polypropylene/Nanofiber/Polyester composite,White Filti,2,None,,,109,47,0.991,0.992,0.993,0.994,0.995,0.996,0.997,0.998,0.998,0.998,1.000,1.000,1.000,1.000,1.000,1.000,
White Filti,nW11,nW11x2,nW11x2,nW,4,Nonwoven,Polypropylene/Nanofiber/Polyester composite,White Filti,2,None,,,93,65,0.995,0.996,0.997,0.998,0.998,0.998,0.999,0.999,0.999,0.999,1.000,1.000,1.000,1.000,1.000,1.000,
White Filti,nW11,nW11x2,nW11x2,nW,4,Nonwoven,Polypropylene/Nanofiber/Polyester composite,White Filti,2,None,,,117,77,0.999,1.000,1.000,1.000,1.000,1.000,1.000,1.000,1.000,1.000,1.000,1.000,1.000,1.000,1.000,1.000,
White Filti,nW11,nW11x2,nW11 WDx2,nW,4,Nonwoven,Polypropylene/Nanofiber/Polyester composite,White Filti,2,Washed,,,64,12,0.337,0.392,0.473,0.527,0.573,0.677,0.745,0.786,0.828,0.874,0.902,0.941,0.943,1.000,1.000,1.000,
White Filti,nW11,nW11x2,nW11 WDx2,nW,4,Nonwoven,Polypropylene/Nanofiber/Polyester composite,White Filti,2,Washed,,,76,18,0.514,0.610,0.698,0.751,0.794,0.854,0.897,0.914,0.933,0.948,0.972,1.000,0.938,1.000,1.000,1.000,
White Filti,nW11,nW11x2,nW11 WDx2,nW,4,Nonwoven,Polypropylene/Nanofiber/Polyester composite,White Filti,2,Washed,,,37,20,0.326,0.393,0.467,0.518,0.553,0.636,0.699,0.724,0.774,0.794,0.873,0.928,0.952,0.600,1.000,1.000,
White Filti,nW11,nW11x2,nW11 WDx2,nW,4,Nonwoven,Polypropylene/Nanofiber/Polyester composite,White Filti,2,Washed,,,72,12,0.339,0.403,0.495,0.569,0.622,0.709,0.746,0.797,0.869,0.945,0.952,0.969,1.000,1.000,1.000,1.000,
White Filti,nW11,nW11x2,nW11 WDIPAx2,nW,4,Nonwoven,Polypropylene/Nanofiber/Polyester composite,White Filti,2,WashedIPA,,,70,7,0.130,0.202,0.308,0.379,0.432,0.570,0.632,0.692,0.742,0.803,0.848,0.906,0.952,0.941,1.000,1.000,
White Filti,nW11,nW11x2,nW11 WDIPAx2,nW,4,Nonwoven,Polypropylene/Nanofiber/Polyester composite,White Filti,2,WashedIPA,,,76,13,0.331,0.442,0.549,0.617,0.679,0.759,0.793,0.831,0.864,0.896,0.873,0.892,0.750,1.000,1.000,1.000,
White Filti,nW11,nW11x2,nW11 WDIPAx2,nW,4,Nonwoven,Polypropylene/Nanofiber/Polyester composite,White Filti,2,WashedIPA,,,39,11,0.225,0.262,0.311,0.344,0.367,0.442,0.510,0.542,0.603,0.679,0.718,0.874,0.941,1.000,1.000,1.000,
White Filti,nW11,nW11x2,nW11 WDIPAx2,nW,4,Nonwoven,Polypropylene/Nanofiber/Polyester composite,White Filti,2,WashedIPA,,,77,8,0.282,0.344,0.406,0.473,0.545,0.619,0.676,0.712,0.757,0.805,0.852,0.943,0.938,1.000,1.000,1.000,
White Filti,nW11,nW11x3,nW11x3,nW,4,Nonwoven,Polypropylene/Nanofiber/Polyester composite,White Filti,3,None,2.35,18.9,43,59,0.813,0.861,0.902,0.922,0.937,0.962,0.973,0.980,0.986,0.992,0.997,0.998,1.000,1.000,1.000,1.000,
White Filti,nW11,nW11x3,nW11x3,nW,4,Nonwoven,Polypropylene/Nanofiber/Polyester composite,White Filti,3,None,2.35,18.9,43,60,0.777,0.849,0.902,0.924,0.942,0.966,0.976,0.982,0.988,0.993,0.997,0.997,1.000,1.000,1.000,1.000,
White Filti,nW11,nW11x3,nW11x3,nW,4,Nonwoven,Polypropylene/Nanofiber/Polyester composite,White Filti,3,None,2.35,18.9,44,59,0.777,0.849,0.902,0.924,0.942,0.966,0.976,0.982,0.988,0.993,0.997,0.997,1.000,1.000,1.000,1.000,
White Filti,nW11,nW11x3,nW11x3,nW,4,Nonwoven,Polypropylene/Nanofiber/Polyester composite,White Filti,3,None,2.35,18.9,44,52,0.728,0.802,0.867,0.897,0.919,0.953,0.968,0.978,0.983,0.991,0.997,0.992,1.000,1.000,1.000,1.000,
White Filti,nW11,nW11x3,nW11x3,nW,4,Nonwoven,Polypropylene/Nanofiber/Polyester composite,White Filti,3,None,2.44,19.4,47,59,0.813,0.870,0.917,0.938,0.953,0.971,0.980,0.986,0.990,0.993,0.995,1.000,1.000,1.000,1.000,1.000,
White Filti,nW11,nW11x3,nW11x3,nW,4,Nonwoven,Polypropylene/Nanofiber/Polyester composite,White Filti,3,None,2.34,23.1,180,70,1.000,1.000,1.000,1.000,1.000,1.000,1.000,1.000,1.000,1.000,1.000,1.000,1.000,1.000,1.000,1.000,
White Filti,nW11,nW11x3,nW11x3,nW,4,Nonwoven,Polypropylene/Nanofiber/Polyester composite,White Filti,3,None,2.29,22.9,162,52,0.999,0.999,1.000,1.000,1.000,1.000,1.000,1.000,1.000,1.000,1.000,1.000,1.000,1.000,1.000,1.000,
White Filti,nW11,nW11x3,nW11x3,nW,4,Nonwoven,Polypropylene/Nanofiber/Polyester composite,White Filti,3,None,,,42,61,0.599,0.689,0.774,0.819,0.853,0.896,0.919,0.934,0.952,0.966,0.974,0.969,1.000,1.000,1.000,1.000,
White Filti,nW11,nW11x3,nW11x3,nW,4,Nonwoven,Polypropylene/Nanofiber/Polyester composite,White Filti,3,None,,,38,51,0.813,0.870,0.917,0.938,0.953,0.971,0.980,0.986,0.990,0.993,0.995,1.000,1.000,1.000,1.000,1.000,
Surgical mask,ASTM2,ASTM2,ASTM2,ML,5,Multilayer,"Polypropylene, wet-laid cellulose","ASTM Level 2 Primaguard surgical mask, latex free",1,None,,68,20,383,0.04,0.02,0.01,0.01,0,0,0,0,0,0,0,0,0,0,0,NaN,
Surgical mask,ASTM2,ASTM2,ASTM2,ML,5,Multilayer,"Polypropylene, wet-laid cellulose","ASTM Level 2 Primaguard surgical mask, latex free",1,None,0.34,68,21,386,0.04,0.02,0.01,0,0,0,0,0,0,0,0,0,0,0,0,0,
Surgical mask,ASTM2,ASTM2,ASTM2 old,ML,5,Multilayer,"Polypropylene, wet-laid cellulose","ASTM Level 2 Primaguard surgical mask, latex free, old",1,Old,,68,27,49,1.04,1.01,0.88,0.79,0.67,0.5,0.41,0.35,0.27,0.17,0.09,0.04,0.02,0.01,0,0,
"N95, 3M 1860",N95,N95,N95,ML,5,Multilayer,"Polypropylene, polyester","Surgical N95 mask, water resistant ",1,None,,335,41,#NUM!,0,0,0,0,0,0,0,0,0,0,0,0,0,0,NaN,NaN,
"N95, 3M 1860",N95,N95,N95 IPA,ML,5,Multilayer,"Polypropylene, polyester","Surgical N95 mask, water resistant ",1,IPA,,335,45,92,0.33,0.26,0.17,0.12,0.08,0.04,0.03,0.02,0.02,0.01,0,0,0,0,0,NaN,
"N95, 3M 1860",N95,N95,N95 IPA,ML,5,Multilayer,"Polypropylene, polyester","Surgical N95 mask, water resistant ",1,IPA,,335,46,87,0.36,0.28,0.18,0.13,0.09,0.05,0.03,0.03,0.02,0.01,0.01,0,0,0,0,NaN,
"N95, 3M 1860",N95,N95,N95 IPA,ML,5,Multilayer,"Polypropylene, polyester","Surgical N95 mask, water resistant ",1,IPA,,335,47,85,0.37,0.28,0.19,0.13,0.09,0.05,0.03,0.03,0.02,0.01,0,0.01,0.01,0,0,NaN,
"N95, 3M 1860",N95,N95,N95 IPA,ML,5,Multilayer,"Polypropylene, polyester","Surgical N95 mask, water resistant ",1,IPA,,335,46,89,0.37,0.29,0.19,0.14,0.09,0.05,0.03,0.03,0.02,0.01,0,0,0,0,0,NaN,
"N95, 3M 1860",N95,N95,N95 HSx12,ML,5,Multilayer,"Polypropylene, polyester","Surgical N95 mask, water resistant ",1,Heat treated,,335,53,#NUM!,0,0,0,0,0,0,0,0,0,0,0,0,0,0,0,0,
Non-medical mask,NMM,NMM,NMM,ML,5,Multilayer,,Greenlife non-medical mask from London Drugs,-,None,0.45,71,25,70,0.99,0.93,0.78,0.67,0.54,0.37,0.29,0.24,0.17,0.1,0.05,0.02,0.01,0,0,0,49%
Silk + Polyester,W16+W11,W16+W11,W16+W11,ML,5,Multilayer,,W16+W11,2,None,,205,54,9,1.07,1.05,0.99,0.96,0.9,0.76,0.71,0.67,0.62,0.55,0.5,0.41,0.38,0.38,0.56,0,
"Polyester satin + H400x2 + Cotton, salmon",Combo B,Combo B,Combo B,ML,5,Multilayer,,"Polyester satin + H400x2 + Cotton blend, dense, salmon",3,None,,408,80,69,0.23,0.17,0.1,0.06,0.04,0.02,0.01,0.01,0,0,0,0,0,0,0,NaN,
Quilting cotton + Dried baby wipe + Quilting cotton,Combo C,Combo C,Combo C,ML,5,Multilayer,,Quilting cotton + Dried baby wipe + Quilting cotton,3,None,,262,17,34,0.97,0.95,0.89,0.85,0.78,0.69,0.64,0.61,0.56,0.47,0.39,0.27,0.18,0.18,0,0,
White Filti & Flannel,Combo D,Combo D,Combo D,ML,5,Multilayer,,White Filti + Flannel,1,None,2.3,26.1,80,68,0.965,0.984,0.993,0.996,0.997,0.999,0.999,0.999,1.000,1.000,1.000,1.000,1.000,1.000,1.000,1.000,
White Filti & Flannel,Combo D,Combo D,Combo D,ML,5,Multilayer,,White Filti + Flannel,1,None,2.3,24.7,90,49,0.964,0.978,0.986,0.988,0.990,0.993,0.994,0.995,0.996,0.996,0.998,0.997,1.000,1.000,1.000,1.000,
K4x2 + nW5x3,Combo E,Combo E,Combo E,ML,5,Multilayer,,K4 + nW5 + nW5 + nW5 + K4,5,None,,841,29,41,0.75,0.71,0.64,0.58,0.53,0.43,0.38,0.35,0.3,0.23,0.16,0.08,0.07,NaN,NaN,NaN,
